VL1,VL2,VL3,IL1,IL2,IL3,PFL1
130.28,131.19,129.26,11.39,33.536,28.848,0.91
130.19,131.31,129.39,11.175,27.795,24.552,0.89
130.16,131.28,129.29,7.287,23.897,20.91,0.89
130.73,131.76,129.73,0,19.911,17.386,0.9
130.62,131.56,129.61,0,22.697,18.044,0.92
130.58,131.71,129.79,0,15.519,13.424,0.84
130.14,131.06,129.17,0,23.036,16.942,0.92
125.38,126.35,124.45,0,21.897,16.008,0.95
130.71,131.81,129.96,0,16.233,13.03,0.85
130.06,131.25,129.27,0,17.289,14.812,0.86
129.61,130.75,128.75,1.459,18.832,16.94,0.89
129.85,130.91,128.9,0,20.99,17.285,0.91
129.94,131.36,128.92,1.028,8.674,18.072,0.95
130.45,131.78,129.41,0,9.333,17.89,0.95
129.93,131.32,128.81,1.07,7.012,18.577,0.95
129.52,131.02,128.54,0,6.203,15.824,0.96
131.04,132.33,129.88,1.084,11.614,18.78,0.97
131.22,132.46,130.04,0,9.264,17.116,0.96
131.2,132.57,130.13,0,3.979,15.234,0.93
131.25,132.6,130.21,0,5.832,15.436,0.95
131.42,132.66,130.27,0.962,10.638,18.452,0.97
131.28,132.72,130.1,0.995,5.32,17.217,0.94
131.25,132.65,130.19,0,5.605,15.105,0.95
130.98,132.39,129.85,1.049,9.44,19.008,0.96
131.06,132.38,129.81,0,9.857,19.885,0.95
131.24,132.64,130.18,0,5.833,15.384,0.97
131.63,133.02,130.55,0.962,5.186,16.445,0.96
131.72,133.13,130.68,1.05,4.942,17.299,0.95
131.83,133.14,130.72,1.065,10.065,19.077,0.95
131.78,133.09,130.72,1.08,8.64,16.978,0.95
131.31,132.72,130.35,0,6.527,18.637,0.93
131,132.19,129.95,0,9.347,17.078,0.93
130.94,132.16,130.01,0.984,7.958,17.761,0.93
131.1,132.28,130.13,0,9.137,16.706,0.93
130.98,132.23,129.99,0,8.857,17.3,0.93
131.15,132.39,130.16,0,6.593,16.223,0.93
131.24,132.49,130.22,1.017,6.112,16.987,0.92
131.4,132.64,130.38,0,8.438,16.503,0.92
131.59,132.86,130.56,0,6.614,15.498,0.92
131.35,132.6,130.41,6.693,13.99,20.227,0.88
131.03,132.25,130.29,16.145,23.186,22.494,0.77
131.07,132.23,130.15,16.752,24.925,26.641,0.79
130.86,132.15,130.01,15.424,20.489,24.225,0.75
131.12,132.44,130.29,13.624,16.657,21.658,0.73
131.58,132.7,130.56,9.121,15.211,20.368,0.85
131.11,132.29,130.21,7.803,12.01,15.976,0.76
130.31,131.47,129.37,7.632,11.12,15.322,0.76
129.84,130.96,128.92,7.922,13.014,16.544,0.78
129.81,130.96,128.81,8.724,14.542,19.408,0.81
129.94,131.17,129.01,6.997,11.549,16.342,0.77
131.22,132.26,130.21,6.884,13.281,17.16,0.8
131.5,132.35,130.27,6.864,10.788,18.231,0.74
131.57,132.54,130.25,8.661,11.814,23.735,0.8
131.85,132.84,130.59,7.717,13.006,20.6,0.83
131.8,132.79,130.69,6.906,11.808,16.613,0.79
131.81,132.89,130.73,6.833,10.654,16.827,0.77
131.39,132.48,130.35,7.026,12.688,15.687,0.82
130.95,132.1,129.76,7.387,14.024,23.146,0.83
130.85,131.96,129.8,6.686,10.622,15.687,0.76
130.99,131.92,129.86,7.442,15.194,17.314,0.77
131.74,132.6,130.6,8.039,14.634,17.616,0.73
131.39,132.38,130.38,9.459,11.466,16.453,0.61
131.14,132.08,130.05,8.819,12.021,20.122,0.74
131.1,132.02,129.83,7.943,13.208,21.847,0.76
131.23,131.94,129.92,6.492,13.773,17.754,0.78
130.76,131.66,129.63,6.529,12.44,17.052,0.76
130.78,131.75,129.65,6.968,12.4,16.539,0.74
130.8,131.76,129.68,7.752,11.877,15.67,0.68
130.58,131.51,129.42,7.211,13.606,16.508,0.77
130.45,131.45,129.29,7.972,16.162,19.056,0.79
130.67,131.7,129.62,8.56,11.688,17.7,0.7
130.67,131.79,129.64,9.368,10.507,18.177,0.66
130.89,131.81,129.78,7.958,15.298,16.472,0.79
131.12,131.91,130.02,7.406,14.793,14.68,0.76
131.1,131.87,130.02,6.907,14.689,14.958,0.79
131.14,132.12,130.17,6.853,11.811,14.683,0.72
131.32,132.15,130.23,6.763,13.09,14.342,0.76
131.14,132.18,130.06,6.657,12.039,15.641,0.75
131.02,132.09,130.02,6.501,16.589,15.424,0.84
131.05,131.79,130.01,7.336,26.266,18.122,0.89
130.92,131.74,129.98,7.382,25.676,18.487,0.89
131.33,132.23,130.39,7.897,23.305,16.404,0.87
131.03,131.87,130.07,7.194,23.938,15.689,0.87
131.07,131.95,130.2,7.305,22.12,14.775,0.85
130.95,131.75,130.05,7.231,24.212,15.89,0.87
130.76,131.52,129.82,7.105,26.115,16.724,0.88
130.61,131.42,129.76,16.558,33.023,24.949,0.87
130.55,131.41,129.72,19.264,35.755,28.465,0.85
130.41,131.2,129.57,18.563,34.97,26.295,0.84
130.86,131.72,130.11,9.57,22.85,12.444,0.84
130.77,131.7,129.99,7.855,20.18,10.554,0.85
130.72,131.47,129.95,6.731,23.295,12.222,0.87
130.5,131.28,129.73,7.886,24.14,11.885,0.88
129.93,130.92,129.22,9.642,23.042,15.49,0.86
129.92,130.82,129.18,8.602,23.572,13.449,0.86
130.12,131.13,129.48,7.76,20.31,6.672,0.84
130.16,131.16,129.62,10.635,27.322,10.614,0.89
130.41,131.33,129.72,11.224,31.292,13.225,0.92
130.11,131.31,129.56,12.741,32.583,17.664,0.94
130.13,131.44,129.51,10.937,32.342,15.24,0.93
129.89,131.36,129.24,10.942,33.158,15.442,0.93
129.81,131.47,129.22,11.787,31.862,16.329,0.93
129.85,131.57,129.3,12.575,31.644,15.322,0.92
129.59,131.3,129.08,13.232,32.202,15.088,0.92
129.22,130.92,128.68,12.604,35.684,15.868,0.93
129.37,131.26,128.89,12.686,31.83,13.622,0.92
129.26,131.16,128.69,11.36,32.307,13.53,0.93
129.23,131.22,128.61,11.297,32.333,17.918,0.93
130.39,132.33,129.64,4.886,29.996,16.022,0.94
130.55,132.64,129.83,4.337,27.675,14.836,0.92
130.54,132.69,129.86,6.189,28.281,15.821,0.93
130.8,132.95,130.13,0,26.939,13.242,0.92
130.87,133.02,130.2,3.92,26.528,14.035,0.92
130.92,133.1,130.28,0,24.387,11.836,0.9
130.45,132.77,129.87,5.485,23.724,13.57,0.9
130.1,132.36,129.48,6.792,25.536,15.494,0.91
130.15,132.22,129.45,3.19,29.463,14.339,0.93
130.04,132.24,129.42,0,25.544,12.019,0.91
130.03,132.28,129.42,0,25.75,12.167,0.91
129.96,132.24,129.32,3.919,26.476,13.572,0.92
129.84,132.16,129.22,4.831,26.484,14.699,0.92
129.91,132.24,129.29,0,25.767,12.359,0.91
130.24,132.54,129.58,4.68,28.215,14.826,0.93
130.38,132.7,129.76,6.171,26.865,15.581,0.92
130.51,132.86,130.04,0,22.985,10.735,0.89
130.21,132.6,129.7,6.171,23.776,13.997,0.9
129.86,132.15,129.33,0,26.131,12.121,0.91
129.59,132.01,129.19,0,22.664,10.813,0.89
129.67,131.95,129.24,12.956,29.404,15.878,0.91
129.42,131.64,129.01,16.568,33.387,19.231,0.92
129.34,131.53,128.97,16.443,33.824,19.623,0.92
129.97,132.12,129.5,8.206,27.564,13.943,0.92
130.07,132.14,129.52,0,28.267,13.407,0.93
129.92,132.03,129.4,1.849,26.397,12.45,0.92
130.18,132.42,129.74,6.734,25.479,14.615,0.91
130.43,132.53,129.91,2.714,25.827,12.658,0.91
130.87,132.94,130.37,0,23.457,11.08,0.9
130.67,132.73,130.18,0,24.076,11.282,0.9
130.59,132.71,130.16,0,23.42,10.976,0.9
130.37,132.41,129.82,0,27.074,13.025,0.92
130.7,132.77,130.18,4.072,26.217,13.637,0.92
130.81,132.91,130.31,2.236,22.709,11.107,0.89
130.63,132.6,130.09,0,26.336,12.45,0.92
130.78,132.8,130.36,0,23.117,10.646,0.9
130.89,132.82,130.38,0,24.552,12.63,0.91
130.99,132.91,130.58,0,22.594,11.231,0.89
130.93,132.71,130.45,0,24.032,13.334,0.9
130.89,132.69,130.42,0,23.086,11.232,0.91
131.18,133,130.73,0,17.612,7.302,0.86
131.49,133.32,131.1,0,16.463,4.519,0.84
131.55,133.36,131.22,1.19,15.379,3.608,0.82
131.55,133.3,131.21,0,15.64,2.096,0.82
130.77,132.33,130.4,0,17.783,6.327,0.86
131.07,132.55,130.72,0,17.278,3.499,0.86
131.28,132.73,130.88,0,16.936,5.352,0.85
131.06,132.62,130.78,0,15.382,0,0.82
131.29,132.72,130.99,0,17.388,5.861,0.86
131.05,132.51,130.84,0,16.837,5.125,0.85
131.19,132.59,130.96,0,16.078,3.494,0.83
131.28,132.61,131.04,0,16.414,0,0.84
131.34,132.62,131.1,2.399,17.833,7.441,0.86
131.35,132.62,131.1,3.39,17.321,8.034,0.85
131.57,132.91,131.29,1.149,15.713,9.381,0.82
131.75,132.98,131.48,0,15.37,0,0.82
131.66,132.82,131.41,0,17.531,6.211,0.86
131.76,132.94,131.53,0,16.339,4.364,0.84
131.84,132.99,131.69,0,16.415,0,0.85
131.97,133.11,131.81,0,16.119,3.771,0.84
130.91,132,130.74,0,16.667,4.693,0.85
130.46,131.59,130.37,0,15.397,0,0.82
130.26,131.35,130.13,0,15.841,6.381,0.83
130.08,131.24,130.02,0,15.46,0,0.82
130.23,131.15,130.11,1.161,19.03,6.393,0.88
130.41,131.35,130.29,2.958,16.624,6.345,0.84
130.27,131.27,130.22,2.642,15.92,4.817,0.82
130.23,131.24,130.19,0,15.53,0,0.82
130.34,131.31,130.31,0,16.188,3.561,0.84
130.85,131.73,130.73,0,17.451,5.837,0.86
131.06,131.89,130.95,0,16.436,0,0.85
131.1,132.01,131,0,15.919,2.976,0.83
131.26,132.08,131.09,0,16.952,5.059,0.85
130.58,131.48,130.56,12.304,22.535,14.396,0.87
130.65,131.53,130.61,13.699,24.097,16.29,0.88
130.64,131.49,130.56,13.609,24.023,16.201,0.88
130.77,131.59,130.63,4.457,19.399,8.193,0.88
130.6,131.46,130.5,0,16.643,3.77,0.85
130.75,131.65,130.7,0,15.385,0,0.82
131.1,131.98,131.01,0,15.371,0,0.82
131.2,131.93,131.02,3.176,17.822,8.018,0.86
131.14,131.94,131.03,2.638,15.962,5.024,0.83
131.15,131.95,131.04,0,15.41,0,0.83
131.16,131.92,131.1,0,16.514,0,0.85
131.05,131.74,130.9,0,18.137,6.839,0.87
130.9,131.7,130.84,0,15.986,3.273,0.84
130.86,131.64,130.8,0,15.383,0,0.83
130.88,131.67,130.8,0,15.385,0,0.83
131.46,132.19,131.28,0,17.429,5.879,0.86
131.3,131.99,131.2,0,16.443,0,0.85
131.22,132.03,131.15,0,15.379,0,0.82
131.28,132.05,131.21,0,15.379,0,0.82
131.18,131.95,131.11,0,15.379,0,0.82
131.45,132.11,131.29,0,17.342,5.8,0.86
131.15,131.92,131.11,2.052,15.597,3.584,0.83
131.06,131.81,131.03,3.172,17.325,5.946,0.86
131.02,131.81,130.98,1.684,15.633,3,0.83
131.05,131.83,131.02,0,15.387,0,0.82
131.27,132.04,131.25,0,15.378,0,0.82
131.42,132.12,131.31,0,17.092,5.604,0.86
131,131.74,130.93,0,15.382,0,0.82
130.99,131.76,130.91,0,15.38,0,0.82
131.34,132.05,131.25,0,16.38,0,0.85
131.37,132.09,131.31,0,15.38,0,0.82
131.01,131.77,130.93,0,15.38,0,0.82
131.05,131.82,130.97,0,15.38,0,0.82
130.72,131.5,130.7,0,15.394,0,0.83
130.86,131.59,130.84,0,15.392,0,0.83
131.04,131.75,131.03,0,16.541,0,0.85
130.93,131.72,130.9,0,15.383,0,0.82
131.02,131.76,131.02,0,15.38,0,0.82
131.26,131.94,131.19,0,15.379,0,0.82
131.32,132.02,131.23,0,15.379,0,0.82
131.36,132.07,131.25,0,15.378,0,0.82
131.54,132.22,131.4,0,15.378,0,0.82
131.58,132.2,131.48,0,16.526,0,0.85
131.65,132.33,131.55,0,15.378,0,0.82
131.77,132.42,131.64,0,16.059,3.476,0.84
131.52,132.23,131.41,0,15.378,0,0.82
131.55,132.2,131.34,0,18.014,7.031,0.87
131.32,132.06,131.23,0,15.379,0,0.82
131.29,132,131.18,0,15.681,0,0.83
131.55,132.22,131.41,0,16.205,0,0.84
131.21,131.95,131.13,0,15.379,0,0.82
131.12,131.92,131.04,0,15.38,0,0.82
131.11,131.9,131.04,0,15.382,0,0.82
131.12,131.9,131.02,10.258,20.457,12.061,0.86
130.96,131.75,130.89,14.82,24.714,18.072,0.88
130.85,131.49,130.69,14.018,27.924,18.679,0.9
131,131.8,130.86,8.402,21.107,14.143,0.87
131.19,132,131.02,0,15.997,7.093,0.83
131.18,131.98,130.97,0,17.976,11.138,0.86
131.03,131.71,130.73,0,22.559,12.524,0.91
131.15,131.91,130.9,0,19.669,11.425,0.89
131.24,131.92,130.87,0,19.687,12.897,0.89
131.32,131.92,130.96,0,23.04,12.178,0.92
131.13,131.8,130.81,0,20.351,11.404,0.9
131.02,131.79,130.8,0,19.78,11.099,0.89
131.06,131.85,130.82,0,19.755,11.076,0.89
131.05,131.79,130.8,0,19.748,11.046,0.89
130.82,131.67,130.53,1.222,20.156,13.93,0.89
130.33,131.1,130.03,0,21.644,11.343,0.91
130.3,131.08,129.95,1.709,21.789,15.001,0.91
130.58,131.25,130.23,0,19.891,11.295,0.89
130.67,131.31,130.23,0,17.253,8.826,0.86
130.69,131.21,130.14,0,14.886,5.054,0.83
130.64,131.3,130.15,2.298,14.907,9.222,0.83
130.53,131.21,130.01,2.038,13.606,7.807,0.8
130.36,130.88,129.83,1.05,15.282,4.113,0.85
130.22,130.81,129.69,0,13.931,2.918,0.81
130.13,130.84,129.65,0,13.711,2.169,0.8
131.35,131.84,130.62,0,20.267,12.101,0.9
131.54,132.11,130.69,0,19.197,12.954,0.89
131.46,132.14,130.69,0,16.883,12.891,0.86
131.39,132,130.54,1.017,19.389,15.969,0.89
131.19,131.81,130.12,0,20.268,20.567,0.9
131.15,131.81,130.3,1.067,20.252,17.72,0.9
130.99,131.66,130.09,0,18.816,16.34,0.89
130.95,131.57,130.05,0,18.778,15.575,0.93
130.78,131.5,130,0,17.782,14.428,0.87
130.41,131.13,129.64,0,16.83,14.129,0.85
130.29,131.02,129.53,0,16.86,14.442,0.85
130.19,131.01,129.49,0,16.375,13.826,0.85
129.96,130.83,129.17,1.083,18.357,17.201,0.88
129.86,130.71,129.17,0,17.996,13.904,0.88
129.74,130.78,129,1.08,15.56,16.892,0.83
129.82,130.67,128.99,0,19.561,16.387,0.89
129.75,130.51,128.92,0,20.023,16.292,0.9
130.13,130.97,129.26,0,17.759,15.603,0.87
130.67,131.54,129.93,0,15.138,12.376,0.83
131.27,132.17,130.43,0,14.82,12.911,0.82
130.9,131.72,130.02,10.671,23.625,21.595,0.87
130.48,131.17,129.48,12.826,30.107,28.534,0.9
130.46,131.26,129.66,11.192,25.996,23.111,0.9
130.83,131.62,129.84,6.651,21.633,19.771,0.89
130.99,131.8,129.91,0,16.512,15.762,0.85
130.76,131.53,129.71,0,18.486,15.919,0.88
130.58,131.21,129.44,0,24.131,18.399,0.93
130.36,131.16,129.27,0,18.868,15.325,0.89
130.24,130.97,129.19,0,22.128,15.887,0.92
130.16,131.04,129.22,0,18.556,15.11,0.88
130.04,130.95,129.04,0,20.614,16.6,0.9
130.18,131.15,129.22,0,19.269,15.431,0.88
129.76,130.63,128.62,1.062,23.119,22.002,0.91
129.64,130.67,128.63,0.973,20.15,19.938,0.89
129.62,130.76,128.7,1.421,19.197,19.307,0.89
129.87,130.99,129.03,0,15.734,13.492,0.84
130.03,131.01,129.05,0,17.868,14.85,0.87
129.52,130.52,128.46,0.984,23.107,23.459,0.92
130.31,131.23,129.16,0,22.75,20.28,0.91
130.67,131.49,129.48,0,24.059,17.739,0.93
130.21,131.47,129.24,1.028,17.929,20.984,0.88
130.24,131.35,129.31,0,18.004,15.142,0.88
130.26,131.53,129.14,0,13.184,16.962,0.9
130.19,131.7,129.14,0.917,2.497,16.451,0.88
130.19,131.71,129.14,0,0,14.28,0.76
130.13,131.66,129.09,0,1.451,13.899,0.63
129.91,131.26,128.74,0,6.733,16.904,0.97
130.99,132.17,129.87,0,18.202,16.152,0.87
131.04,132.62,129.98,0,3.696,14.301,0.82
131.38,132.73,130.24,1.05,6.718,15.959,0.94
131.33,132.77,130.24,0,6.541,14.79,0.91
131.38,132.65,130.37,0,11.576,13.327,0.8
131.5,132.96,130.41,1.039,1.497,15.743,0.72
131.47,132.91,130.36,1.05,6.434,18.132,0.94
131.34,132.94,130.25,1.812,0.977,17.779,0.6
131.42,132.78,130.26,0,1.468,15.006,0.78
131.41,132.85,130.26,1.039,2.247,16.664,0.94
131.43,132.77,130.29,0.962,8.814,17.218,0.93
131.42,132.93,130.32,0,6.011,20.763,0.95
131.71,133.08,130.56,0,1.397,15.337,0.68
131.48,132.78,130.32,0,1.452,15.592,0.68
131.52,132.9,130.42,0,1.468,13.99,0.74
131.2,132.61,129.93,1.407,7.769,23.158,0.94
131.18,132.52,129.96,0,1.413,18.035,0.72
131.33,132.66,130.15,0,2.384,15.586,0.82
130.96,132.25,129.74,12.844,17.032,25.978,0.83
130.96,132.35,129.91,11.21,15.349,23.729,0.79
130.86,132.12,129.75,11.387,17.325,25.568,0.82
130.83,132.35,129.63,0,6.666,21.429,0.94
130.93,132.28,129.71,0,1.777,15.573,0.75
130.99,132.36,129.86,0,1.509,15.167,0.71
131.09,132.56,130.05,0,1.021,14.279,0.73
130.89,132.26,129.55,1.028,9.157,21.925,0.95
131,132.38,129.82,0.962,5.932,17.938,0.93
131.04,132.48,129.81,1.013,1.409,21.875,0.61
131.23,132.53,129.99,0,2.136,16.449,0.9
131.35,132.76,130.12,0.995,3.207,16.356,0.85
131.18,132.61,130.06,0,5.299,14.622,0.95
131.26,132.62,130.03,1.469,2.546,18.65,0.9
131.2,132.73,130.1,1.06,1.043,17.174,0.74
131.01,132.46,129.83,0,6.152,19.626,0.96
131.07,132.5,129.7,0.984,8.724,25.686,0.95
131.26,132.83,130.06,1.017,4.645,20.351,0.91
131.55,132.99,130.32,0.962,4.135,18.139,0.92
131.81,133.29,130.62,1.017,1.75,18.906,0.63
131.75,133.17,130.49,0,1.514,18.367,0.67
131.7,132.94,130.4,0,9.741,17.972,0.94
131.45,132.8,130.2,0.94,5.306,16.736,0.93
131.49,132.88,130.34,0,1.069,14.237,0.66
131.51,133.01,130.41,1.446,4.676,15.221,0.92
131.36,132.73,130.03,1.006,8.204,19.991,0.94
131.31,132.73,130.1,1.401,7.116,17.063,0.96
131.49,132.96,130.34,0,2.829,14.183,0.89
131.51,132.9,130.28,0,8.297,17.256,0.94
131.49,133.05,130.36,1.017,1.358,17.137,0.71
131.48,133.14,130.48,0,0,13.925,0.69
131.16,132.81,130.2,1.028,0,15.133,0.72
131.15,132.78,130.18,0,0,15.166,0.75
130.99,132.49,129.93,1.415,1.382,19.329,0.68
130.85,132.23,129.78,1.511,7.085,20.591,0.91
130.98,132.43,130.02,0.962,1.389,15.18,0.66
131.11,132.41,130.1,0,1.032,14.482,0.76
131.17,132.49,130.19,0.94,2.938,14.538,0.85
131.32,132.57,130.28,1.05,7.134,13.765,0.9
131.32,132.55,130.24,1.061,9.769,16.188,0.93
131.28,132.61,130.27,0,6.142,15.376,0.88
131.33,132.62,130.37,0,5.971,13.903,0.9
131.76,132.97,130.67,0,7.091,13.816,0.89
131.78,132.84,130.65,8.604,19.131,22.367,0.84
131.3,132.57,130.53,12.139,16.021,20.448,0.74
131.18,132.38,130.32,11.748,20.32,21.832,0.82
131.5,132.8,130.64,6.501,12.361,14.994,0.81
131.64,132.9,130.76,0,6.149,7.906,0.88
131.69,132.94,130.83,1.061,7.184,10.534,0.89
131.83,133.18,130.98,0.984,6.037,11.681,0.89
131.45,132.69,130.52,1.028,6.925,10.41,0.89
130.88,131.92,130.16,0,14.944,8.797,0.9
130.95,131.95,130.28,1.039,19.755,12.603,0.89
131.1,132.17,130.44,0,17.86,13.381,0.87
131.48,132.53,130.75,0,17.549,10.531,0.87
131.7,132.69,130.87,0,19.358,9.823,0.89
131.77,132.9,131.05,0,15.729,4.912,0.85
130.46,131.67,129.81,1.017,15.291,7.595,0.84
130.38,131.55,129.63,0,17.316,10.214,0.87
130.43,131.72,129.74,1.724,15.232,8.436,0.83
130.48,131.79,129.71,1.738,17.54,14.555,0.88
130.44,131.73,129.69,0,18.023,11.167,0.88
129.83,131.33,129.27,1.245,23.261,14.197,0.89
128.94,130.81,128.49,7.979,24.714,18.89,0.91
129.79,131.84,129.32,7.744,24.66,17.961,0.9
129.53,131.59,129.15,4.341,24,14.963,0.9
129.78,131.73,129.27,2.752,26.364,15.301,0.92
129.38,131.5,128.92,7.215,25.316,17.649,0.91
129.55,131.49,129.07,0,26.813,12.903,0.92
129.93,131.91,129.45,0,27.509,12.435,0.92
129.81,131.92,129.37,0,24.623,11.69,0.9
129.53,131.64,129.1,0,26.062,12.316,0.92
129.6,131.79,129.2,0,25.095,11.899,0.91
129.83,132.07,129.39,2.63,24.265,12.071,0.9
129.82,132.07,129.28,7.781,25.414,16.147,0.91
129.74,131.77,129.21,0,28.653,13.181,0.93
129.47,131.67,129.03,5.458,26.987,14.474,0.92
129.7,131.86,129.22,0,26.353,12.787,0.91
129.71,131.96,129.3,0,24.207,11.606,0.9
129.8,131.98,129.28,0,26.269,12.491,0.92
129.56,131.89,129.1,10.523,26.847,15.941,0.9
129.38,131.58,128.94,17.484,34.951,21.537,0.93
129.43,131.66,129,17.574,34.669,21.477,0.93
129.6,131.83,129.09,13.806,32.335,19.157,0.92
129.85,132.16,129.33,5.645,26.425,14.571,0.92
129.96,132.16,129.43,1.787,27.27,12.834,0.92
129.91,132.18,129.45,1.98,26.637,12.743,0.92
130.01,132.25,129.52,0,26.923,12.515,0.92
130.24,132.49,129.77,0,25.724,11.526,0.91
130.09,132.38,129.64,0,25.235,11.819,0.91
130.23,132.54,129.81,5.408,24.01,13.4,0.9
130.23,132.49,129.84,0,23.144,10.966,0.89
130.53,132.77,130.09,0,23.347,11.044,0.9
130.59,132.77,130.22,1.509,23.157,11.105,0.9
130.86,133.01,130.46,1.281,24.613,11.678,0.91
130.89,132.96,130.46,0,25.443,11.454,0.91
130,132.23,129.66,5.19,23.604,13.099,0.9
129.84,132.02,129.47,3.654,24.037,12.411,0.9
129.79,131.92,129.37,0,25.826,12.09,0.92
130.08,132.22,129.68,1.81,24.501,11.738,0.91
130.35,132.4,129.96,0,23.586,11.256,0.9
130.17,132.18,129.81,0,25.146,11.338,0.91
130,132.06,129.6,3.979,23.851,12.619,0.9
130.38,132.41,130,0,23.124,10.804,0.9
130.67,132.68,130.2,2.698,25.414,12.765,0.91
130.58,132.64,130.23,0,23.754,11.372,0.9
130.64,132.63,130.24,0,26.208,13.253,0.92
130.9,132.96,130.61,0,22.476,10.857,0.89
130.86,132.82,130.52,5.103,24.17,13.343,0.91
131.27,133.17,130.81,0,20.354,13.403,0.88
131.35,133.29,131.01,0,15.44,0,0.82
131.12,132.99,130.78,0,16.596,4.803,0.84
130.75,132.7,130.48,0,16.696,4.92,0.84
131.06,133.03,130.85,0,15.396,0,0.82
130.87,132.75,130.7,1.127,16.416,5.814,0.84
131.07,132.91,130.84,0,16.007,3.035,0.83
131.05,132.86,130.87,0,15.379,0,0.82
131.29,133.04,131.08,1.186,16.101,8.449,0.83
131.63,133.3,131.39,0,15.365,0,0.82
131.55,133.18,131.32,0,17.038,5.717,0.85
131.2,132.84,131.02,0,15.665,2.281,0.82
131.39,132.92,131.23,0,16.452,0,0.84
131.28,132.79,131.11,0,15.378,0,0.82
131.31,132.79,131.16,0,15.381,0,0.82
131.21,132.65,130.99,0,16.538,4.663,0.84
131.33,132.76,131.14,0,15.374,0,0.82
131.38,132.79,131.16,1.127,15.971,6.869,0.83
131.68,133.01,131.49,0,16.135,4.534,0.84
130.75,131.97,130.61,0,17.272,4.299,0.86
130.51,131.78,130.41,7.015,17.894,8.094,0.84
129.48,130.74,129.46,13.862,24.597,16.665,0.89
130,131.21,129.96,13.561,24.507,16.595,0.88
130.91,132.08,130.8,10.626,21.527,13.164,0.87
131.2,132.41,131.12,0,15.899,3.088,0.83
131.59,132.76,131.57,0,16.411,0,0.85
131.92,133.09,131.82,0,15.208,0,0.82
131.26,132.4,131.14,0,15.302,0,0.82
131.37,132.56,131.26,0,15.247,0,0.83
131.18,132.33,131.08,0,15.313,0,0.82
130.93,132.02,130.82,0,15.359,0,0.82
130.9,131.99,130.85,0,15.357,0,0.82
130.91,131.91,130.84,0,17.303,3.951,0.86
131.04,132.12,130.99,0,15.338,0,0.82
130.94,132,130.89,0,15.363,0,0.82
131.13,132.18,131.06,0,15.949,3.321,0.84
131.03,132.03,130.96,0,17.414,5.922,0.86
131.33,132.28,131.22,0,16.023,3.676,0.84
131.46,132.44,131.39,0,15.257,0,0.83
131.22,132.15,131.21,0,16.454,0,0.85
131.23,132.19,131.17,0,16.004,3.52,0.84
131.25,132.22,131.21,0,15.339,0,0.82
131.08,132.02,131.03,0,15.35,0,0.82
131.2,132.18,131.18,0,15.307,0,0.83
131.04,131.97,131.04,0,15.372,0,0.82
130.84,131.9,130.86,1.179,15.378,11.815,0.82
131.25,132.16,131.23,0,16.45,5.674,0.85
131.27,132.16,131.25,0,15.343,0,0.82
131.1,132,131.12,0,15.371,0,0.82
130.99,131.93,131.02,0,15.375,0,0.82
130.97,131.9,131,0,15.372,0,0.82
131.06,131.96,131.04,0,15.363,0,0.82
131.3,132.14,131.24,2.537,16.196,4.475,0.84
131.25,132.12,131.24,3.024,16.397,5.053,0.84
130.95,131.86,130.97,1.141,15.444,1.954,0.82
131.12,132,131.1,0,15.315,0.528,0.82
131.25,132.09,131.24,0,15.308,0,0.82
131.21,132.07,131.24,0,15.372,0,0.82
130.98,131.83,130.98,0,15.378,0,0.82
130.79,131.59,130.75,0,16.173,0,0.84
130.89,131.75,130.91,0,15.767,0,0.83
131.05,131.87,131.03,0,15.379,0,0.82
131.1,131.98,131.08,0,15.379,0,0.82
130.93,131.78,130.87,0,15.38,0,0.83
130.75,131.45,130.58,0,19.597,9.209,0.89
131.18,131.99,131.14,0,15.366,0,0.82
131.24,132.07,131.17,1.182,15.892,5.539,0.84
131.14,131.92,131.09,0,16.072,0,0.84
130.88,131.72,130.84,0,15.38,0,0.83
130.86,131.71,130.81,1.998,15.572,3.523,0.82
130.8,131.72,130.8,2.767,15.653,8.033,0.83
131.25,132.09,131.22,0,15.521,4.137,0.82
131.12,131.95,131.09,12.806,22.777,15.495,0.87
131.26,132.07,131.2,13.762,24.013,16.843,0.88
131.32,132.14,131.27,13.598,25.054,16.646,0.89
131.38,132.23,131.35,4.353,16.817,5.97,0.84
131.47,132.35,131.41,0,16.952,5.19,0.85
131.58,132.47,131.54,0,15.351,0,0.82
131.53,132.42,131.54,0,15.365,0,0.82
131.86,132.72,131.81,0,15.285,0,0.82
132.09,133.01,132.04,0,15.226,0,0.82
131.91,132.73,131.87,0,16.405,0,0.85
131.99,132.88,131.95,0,15.235,0,0.83
132.08,132.93,132.01,0,15.226,0,0.83
131.62,132.49,131.59,1.196,15.328,5.405,0.82
131.19,132.08,131.2,0,15.373,0,0.82
130.9,131.8,130.89,0,15.369,0,0.83
130.63,131.5,130.6,1.116,16.575,4.933,0.85
131.12,131.97,131.1,2.5,17.196,5.092,0.86
131.63,132.52,131.57,1.902,15.441,3.165,0.82
131.97,132.9,131.91,0,15.234,0,0.83
131.74,132.68,131.71,0,15.595,2.359,0.83
131.48,132.45,131.47,0,15.333,0,0.82
131.42,132.41,131.4,0,15.359,0,0.82
131.74,132.62,131.64,0,17.162,4.228,0.86
131.78,132.55,131.66,0,23.097,9.449,0.91
131.61,132.46,131.48,0,23.289,12.379,0.9
131.19,132.09,131.15,0,24.354,11.752,0.91
131,132.02,130.98,6.138,23.756,14.375,0.9
131.17,132.27,131.1,8.83,24.346,16.882,0.91
131.03,132.01,131.03,0.553,23.889,11.668,0.9
130.9,131.99,130.92,0,22.502,11.055,0.89
130.86,131.89,130.88,0,23.71,10.916,0.9
131.06,131.98,130.93,0,25.308,12.135,0.91
131.19,132.19,131.11,0,22.446,10.858,0.89
131.19,132.03,131.01,0,23.087,10.98,0.9
131.23,132.06,130.96,2.198,16.98,7.375,0.85
131.2,132.02,130.91,0,13.088,0,0.79
131.28,132.12,130.95,0,13.977,3.987,0.81
131.16,132,130.82,0,14.142,0,0.82
130.88,131.74,130.54,0,13.79,2.917,0.81
130.9,131.67,130.5,0,14.347,4.667,0.82
130.77,131.43,130.2,0,17.692,12.27,0.87
130.61,131.3,130.03,0,16.214,12.825,0.86
131.08,131.78,130.44,0,16.894,13.289,0.86
131.34,132.19,130.67,1.028,17.579,17.735,0.86
131.04,131.83,130.32,0,17.785,16.31,0.86
130.94,131.8,130.21,1.017,16.125,15.974,0.88
130.98,131.71,130.17,0.928,22.257,21.028,0.91
130.78,131.56,130.13,0,17.867,14.541,0.87
129.94,130.83,129.31,7.632,18.415,19.459,0.85
129.35,130.01,128.7,11.211,31.026,25.264,0.9
130.08,131.07,129.57,12.353,24.55,23.128,0.86
130.22,131.14,129.55,8.483,24.217,21.559,0.88
130.37,131.4,129.68,0,18.003,16.545,0.87
130.25,131.12,129.46,0.862,23.184,19.103,0.91
130.62,131.77,130.01,1.006,16.095,14.088,0.84
131.56,132.65,130.82,1.422,19.793,19.514,0.89
131.33,132.43,130.63,1.05,16.141,14.737,0.84
130.41,131.46,129.74,0,17.011,14.649,0.86
129.84,130.95,129.27,0,16.643,14.422,0.85
129.9,130.96,129.24,0,18.133,14.919,0.87
130.26,131.26,129.53,1.006,19.645,16.695,0.88
130.05,131.19,129.38,0,18.742,18.778,0.88
129.86,130.86,129.06,0,21.319,18.418,0.9
129.82,130.77,128.9,0,21.169,18.028,0.9
130.12,131.14,129.32,0,17.506,15.16,0.87
130.1,131.08,129.28,0,18.482,15.672,0.88
131.45,132.39,130.45,1.017,17.87,17.186,0.87
130.86,131.81,129.9,0,18.243,15.596,0.87
130.61,131.65,129.68,1.061,20.105,20.581,0.89
130.27,131.46,129.46,0.873,15.972,17.41,0.84
130.53,131.63,129.6,0,18.646,17.814,0.87
130.56,131.59,129.73,1.006,18.805,15.826,0.88
130.37,131.61,129.61,2.047,15.546,17.627,0.82
130.97,131.99,130.06,0,16.031,14.224,0.83
131.14,132.15,130.06,0,16.757,18.347,0.85
130.49,131.44,129.52,0,18.002,15.988,0.87
130.6,131.65,129.74,0.984,17.894,18.319,0.87
130.51,131.49,129.62,0,18.79,15.969,0.88
130.17,131.08,129.23,0,20.135,17.068,0.89
130.27,131.29,129.45,0,15.384,13.567,0.82
130.64,131.57,129.78,1.017,16.495,14.026,0.85
131.01,131.99,130.08,0.995,16.151,15.682,0.84
130.94,131.85,129.99,0,17.109,15.285,0.85
130.35,131.66,129.44,0.95,9.829,16.384,0.8
130.03,131.52,129.12,0.94,1.108,16.282,0.68
130.08,131.36,129.06,1.017,7.652,18.388,0.96
130.2,131.38,129.15,0,8.847,15.721,0.97
130.27,131.49,129.18,0.917,10.015,17.28,0.86
130.32,131.32,129.33,0,16.446,15.143,0.86
130.31,131.69,129.32,0.962,9.458,18.763,0.91
130.32,131.45,129.47,1.006,17.237,17.834,0.86
130.24,131.39,129.4,1.699,15.693,16.39,0.83
129.96,131.11,129.17,1.029,17.061,13.794,0.86
129.86,131.11,129.01,1.344,14.54,16.05,0.83
130.1,131.51,129.06,0,7.184,20.03,0.95
130.13,131.61,129.23,0.917,1.445,15.771,0.65
129.96,131.29,128.86,6.886,8.009,18.573,0.76
129.46,130.73,128.4,13.55,18.282,26.634,0.87
129.68,130.9,128.6,11.816,17.313,25.347,0.84
130.02,131.27,128.91,8.132,15.796,22.874,0.87
131.08,132.36,129.93,0,1.374,14.97,0.66
130.91,132.33,129.78,0.984,1.064,17.972,0.69
130.84,132.13,129.7,0,8.264,18.067,0.94
130.72,132.09,129.68,0.973,1.522,16.361,0.67
130.41,131.57,129.45,1.385,16.975,17.561,0.89
130.32,131.66,129.48,0.995,14.24,17.523,0.84
130.56,131.98,129.58,0,1.222,15.825,0.78
130.93,132.31,129.98,0.984,5.983,15.505,0.79
130.84,131.88,129.85,0.917,18.878,16.857,0.89
130.97,132.04,130.07,0,17.108,15.12,0.86
130.87,132.08,129.91,0,11.827,16.165,0.87
131.03,132.27,129.88,0.917,1.956,17.288,0.9
130.15,131.29,128.95,1.006,7.819,19.797,0.94
129.97,131.1,128.79,0,6.548,16.704,0.94
129.61,130.92,128.51,1.017,7.223,20.049,0.95
129.71,130.88,128.55,0,8.114,17.744,0.95
129.99,131.28,129,0,5.468,14.229,0.97
130.24,131.64,129.24,0.984,0.999,16.791,0.59
130.28,131.62,129.3,0,5.594,15.514,0.94
130.24,131.57,129.23,0,2.455,16.683,0.92
130.27,131.63,129.32,0,1.862,15.391,0.71
130.42,131.78,129.4,0.984,1.935,16.74,0.82
130.12,131.45,129.13,1.006,7.644,16.739,0.96
131.11,132.38,130.13,0,7.487,15.409,0.96
131.27,132.66,130.36,0.984,3.059,16.771,0.96
131.39,132.67,130.41,0.984,7.211,18.627,0.94
131.54,132.91,130.6,0.984,1.423,16.332,0.62
131.49,132.9,130.59,0,1.749,17.287,0.66
131.42,132.75,130.49,0,5.956,15.288,0.96
131.41,132.72,130.43,0,5.513,16.549,0.93
131.46,132.8,130.47,0,1.452,15.789,0.72
131.53,132.82,130.65,0,11.98,14.374,0.87
131.49,132.86,130.47,0,1.713,15.059,0.75
131.51,132.96,130.41,1.039,2.357,19.905,0.79
131.57,132.87,130.58,0,7.274,15.896,0.95
131.65,133.17,130.61,1.37,1.01,20.106,0.67
131.85,133.27,130.82,0,1.501,17.438,0.71
131.86,133.03,130.73,0.984,8.733,18.96,0.94
131.85,133.17,130.89,0.94,1.469,14.83,0.67
131.99,133.25,131,0.94,6.908,17.089,0.94
131.73,133.18,130.82,0.984,1.797,18.407,0.78
131.84,133.29,130.98,1.017,1.429,15.946,0.7
131.71,133.08,130.86,8.28,12.764,20.469,0.81
131.67,132.99,130.75,12.615,16.559,24.451,0.81
131.66,132.94,130.73,13.39,16.221,24.63,0.8
131.42,132.68,130.35,6.508,10.533,18.996,0.84
131.33,132.59,130.37,0.95,5.755,13.572,0.97
130.91,132.09,129.93,0,1.483,12.171,0.7
131,132.23,130,0,2.066,12.785,0.67
130.85,132.08,129.89,0,8.769,14.705,0.94
130.73,132.1,129.88,1.006,1.444,12.854,0.68
130.77,132.14,129.99,0,1.367,9.925,0.66
130.7,131.92,129.77,0,8.442,13.563,0.94
130.77,132,129.9,0,4.786,11.973,0.97
130.93,132.18,130.14,0,0.977,9.145,0.65
131.12,132.53,130.29,1.362,1.079,13.073,0.66
131.16,132.4,130.18,1.376,12.405,18.732,0.93
131.32,132.31,130.54,0,17.285,11.077,0.88
131.04,132.01,130.4,0,17.471,9.464,0.88
130.97,132.06,130.41,0,16.179,6.929,0.86
131.63,132.6,130.86,0,18.12,10.933,0.88
131.87,132.86,131.13,0,17.123,9.561,0.87
131.81,132.88,131.07,1.43,16.383,11.184,0.86
131.76,132.87,131,1.36,17.046,12.317,0.87
131.9,132.9,131,0.973,20.126,14.672,0.9
132.02,133.15,131.12,1.415,18.431,12.832,0.89
131.69,132.93,130.95,6.846,23.451,17.76,0.9
130.95,132.11,130.22,0,27.216,15.406,0.92
130.34,131.78,129.8,3.983,24.664,15.293,0.91
130.09,131.74,129.57,4.68,25.186,16.109,0.91
130.03,131.79,129.43,3.676,26.496,16.69,0.92
129.86,131.68,129.26,0,26.379,14.951,0.92
129.71,131.5,129.09,3.956,28.394,16.274,0.93
129.57,131.63,129.12,6.933,24.911,17.242,0.91
129.81,131.73,129.34,0,25.443,12.457,0.91
129.88,131.81,129.27,5.562,28.616,16.018,0.93
129.81,131.78,129.31,0,25.584,12.308,0.91
129.38,131.33,128.83,5.707,27.897,15.586,0.93
129.38,131.32,128.8,4.449,29.16,15.503,0.93
129.64,131.7,129.21,6.822,27.139,15.859,0.92
130.13,132.02,129.61,0,26.191,12.566,0.91
130.04,132.05,129.58,0,25.347,12.186,0.91
129.75,131.86,129.36,14.783,31.57,19.856,0.92
129.83,131.92,129.43,18.489,34.746,23.808,0.93
129.98,132.06,129.62,16.988,31.981,19.962,0.92
130.43,132.33,129.89,7.373,29.533,15.098,0.93
130.18,132.14,129.7,0,26.761,12.064,0.92
130.12,132.25,129.65,5.687,24.845,13.984,0.91
130.04,132.25,129.59,8.046,25.166,16.312,0.91
130.27,132.47,129.87,5.947,23.923,13.881,0.9
130.56,132.6,130.07,0,24.969,12.023,0.91
130.64,132.64,130.08,0,26.884,12.855,0.92
130.61,132.65,130.09,0,26.119,12.351,0.92
130.49,132.65,129.99,7.489,26.802,15.883,0.92
130.42,132.46,129.89,3.042,27.258,13.499,0.92
130.1,132.3,129.75,0,23.148,11.067,0.89
130.28,132.25,129.74,3.723,27.46,13.825,0.93
130.52,132.56,130.07,0,24.593,11.673,0.9
130.59,132.62,130.11,0,25.359,12.067,0.91
130.74,132.84,130.26,0,23.673,11.211,0.9
130.51,132.65,130.14,5.883,23.508,13.362,0.9
130.58,132.69,130.17,5.068,23.399,13.1,0.9
130.45,132.62,130.02,9.138,24.852,17.404,0.91
130.61,132.64,130.22,2.899,24.24,12.163,0.9
130.8,132.85,130.4,0,24.328,11.595,0.9
130.76,132.83,130.37,0,23.755,11.363,0.9
130.97,133,130.57,0,23.92,10.898,0.9
130.9,132.93,130.55,0,23.343,11.042,0.89
130.97,132.97,130.6,0,24.029,11.435,0.9
130.89,132.84,130.52,0,24.638,11.711,0.91
131.02,132.84,130.56,0,26.861,12.883,0.92
130.81,132.67,130.43,4.701,25.046,13.551,0.91
130.88,132.58,130.4,0,25.88,13.512,0.91
131.11,132.9,130.79,0,23.846,10.961,0.9
131.31,133.05,130.95,3.247,24.285,12.584,0.9
131.16,132.88,130.76,0,23.677,14.056,0.9
131.14,132.8,130.73,0,22.852,12.593,0.9
131.38,133.18,131.1,1.083,17.012,8.088,0.84
131.51,133.27,131.22,0,15.441,0,0.81
131.28,132.96,130.99,0,16.998,5.394,0.84
131.15,132.85,130.98,0,16.998,2.442,0.85
131.1,132.85,130.94,1.105,15.934,4.934,0.82
131.23,132.93,131.05,0,15.837,2.724,0.82
131.32,132.86,131.06,0,17.916,7.012,0.86
131.34,132.94,131.12,0,15.838,3.174,0.82
131.47,133,131.25,0,16.17,3.801,0.83
131.46,132.97,131.21,1.902,16.779,5.903,0.84
131.35,132.77,131.12,2.579,18.685,7.53,0.87
130.39,131.91,130.26,0,16.031,3.169,0.83
129.96,131.38,129.84,10.017,22.194,13.208,0.87
129.93,131.34,129.92,13.475,24.259,16.126,0.88
130.02,131.43,130.01,14.831,24.27,17.757,0.88
130.17,131.48,130.04,8.545,20.363,11.07,0.86
130.46,131.8,130.36,0,15.42,0,0.82
130.91,132.16,130.85,0,16.567,0,0.85
130.89,132.09,130.71,0,17.676,6.354,0.86
131.11,132.35,130.99,0,16.064,3.587,0.83
130.85,132.13,130.78,0,15.379,0,0.82
130.84,132.05,130.75,0,15.382,0,0.82
130.82,131.94,130.61,0,18.352,7.542,0.87
130.55,131.76,130.47,2.36,16.033,4.839,0.83
130.59,131.77,130.55,2.347,16.812,3.963,0.85
130.62,131.87,130.59,0,15.39,0,0.82
130.66,131.84,130.61,0,16.466,4.379,0.84
130.81,131.95,130.79,0,15.96,3.186,0.83
131.06,132.21,131.06,2.308,15.527,3.88,0.82
131.4,132.53,131.38,0,15.377,0,0.82
131.75,132.88,131.67,1.206,15.351,6.647,0.82
131.69,132.71,131.67,0,16.534,0,0.85
131.71,132.75,131.66,0,16.67,5.004,0.84
131.74,132.82,131.72,0,15.509,1.573,0.82
131.81,132.86,131.79,0,15.873,3.107,0.83
131.99,133.01,131.99,0,15.341,0,0.82
131.47,132.48,131.43,1.149,15.444,2.084,0.82
131.1,132.13,131.1,2.862,15.846,5.218,0.82
130.94,131.89,130.96,1.183,16.623,2.141,0.85
130.68,131.72,130.74,0,15.403,0,0.82
130.78,131.79,130.85,0,15.396,0,0.82
131.25,132.22,131.29,1.127,16.325,4.48,0.84
131.39,132.35,131.4,0,16.029,3.464,0.83
131.08,132.09,131.12,2.332,15.462,3.797,0.82
131.46,132.41,131.44,0,15.379,0,0.82
131.57,132.49,131.54,0,16.55,0,0.85
131.57,132.5,131.57,0,15.379,0,0.82
131.47,132.39,131.48,0,15.379,0,0.82
130.89,131.88,130.99,0,15.395,0,0.82
130.3,131.31,130.41,2.233,16.527,5.551,0.84
130.24,131.23,130.35,2.232,15.748,3.884,0.82
130.47,131.42,130.52,0,15.512,1.254,0.82
130.87,131.77,130.96,0,16.551,0,0.85
131.27,132.19,131.32,0,15.378,0,0.82
131.6,132.53,131.66,0,15.371,0,0.82
131.64,132.56,131.64,0,15.361,0,0.82
131.81,132.7,131.8,0,15.341,0,0.82
131.95,132.76,131.89,0,17.599,6.409,0.86
131.47,132.37,131.54,0,15.372,0,0.82
131.6,132.47,131.66,0,16.502,0,0.85
131.41,132.31,131.45,0,15.375,0,0.82
131.05,132.01,131.15,0,15.38,0,0.82
130.95,131.88,131.02,0,16.125,3.714,0.84
130.99,131.91,131.04,1.956,15.925,5.382,0.83
131.09,131.92,131.12,11.687,22.162,15.146,0.87
131.42,132.25,131.42,14.291,24.31,17.938,0.88
131.51,132.33,131.55,13.713,25.177,17.005,0.89
131.98,132.89,131.99,8.222,18.829,10.222,0.85
132.16,133.02,132.16,0,15.28,0,0.82
131.97,132.8,131.99,0,15.341,0,0.82
132.01,132.87,132.07,0,15.328,0,0.82
132.02,132.9,132.06,0,15.31,0,0.82
131.87,132.79,131.93,0,15.322,0.583,0.82
132.13,133.03,132.2,0,16.429,0,0.85
131.77,132.75,131.85,0,15.345,0,0.82
131.74,132.74,131.84,0,15.346,0,0.82
131.61,132.56,131.7,0,15.368,0,0.82
131.59,132.57,131.65,1.689,15.376,7.997,0.82
131.5,132.37,131.51,0,16.416,4.404,0.84
131.29,132.29,131.39,0,15.377,0,0.82
131.39,132.35,131.49,2.507,17.576,7.681,0.86
131.73,132.73,131.82,2.336,15.55,7.201,0.82
131.68,132.63,131.77,0,15.356,0,0.82
131.58,132.53,131.65,0,15.93,3.247,0.83
131.77,132.76,131.82,0,15.334,0,0.82
132.12,133.08,132.08,0,15.825,3.254,0.83
131.94,132.84,131.88,0,18.185,7.341,0.87
131.96,132.88,131.95,0,16.233,0,0.84
131.85,132.85,131.89,0,15.357,0,0.82
131.77,132.71,131.74,0,17.656,6.473,0.86
131.36,132.39,131.39,0,15.379,0,0.82
131.1,132.14,131.2,0,15.379,0,0.82
131.54,132.56,131.56,1.127,20.339,11.043,0.87
131.44,132.41,131.5,0,23.067,11.14,0.9
131.76,132.74,131.76,0,23.422,12.188,0.9
131.7,132.68,131.66,2.807,23.136,12.924,0.9
131.73,132.67,131.68,0,23.421,11.362,0.9
131.6,132.55,131.57,0,23.091,11.172,0.9
131.52,132.46,131.52,0,22.495,10.857,0.89
131.4,132.31,131.38,0,23.754,11.442,0.9
131.52,132.51,131.54,0,22.481,10.856,0.89
131.24,132.14,131.13,6.265,28.359,16.73,0.93
131.14,132.11,131.08,0,22.494,10.857,0.89
131.29,132.18,131.23,0,22.478,10.702,0.89
131.24,131.96,131.03,0,15.377,0,0.84
131.05,131.72,130.78,0,15.372,0,0.84
130.71,131.51,130.49,1.092,13.841,4.651,0.81
130.69,131.46,130.37,0,14.045,7.069,0.82
130.65,131.33,130.33,1.077,15.129,3.989,0.85
131.17,131.82,130.84,1.762,13.919,4.737,0.81
131.74,132.33,131.27,0,17.307,9.064,0.87
131.72,132.46,131.36,0.984,16.338,10.106,0.86
131.43,132.21,131.15,0,13.812,3.814,0.81
131.07,131.82,130.76,6.765,18.321,11.549,0.85
131.24,132.08,130.78,11.498,21.696,22,0.87
131.2,131.98,130.6,11.191,22.626,23.278,0.88
131.2,132.11,130.64,10.309,19.623,21.299,0.87
130.98,132.05,130.33,0,7.246,16.855,0.97
131.07,132,130.47,0,11.238,11.56,0.8
130.8,131.61,130.21,0,16.405,11.666,0.85
131.91,132.75,131.26,0.94,16.654,12.362,0.85
131.82,132.62,130.96,1.441,20.685,19.645,0.9
131.33,132.19,130.64,1.373,18.744,16.909,0.88
130.76,131.52,130.06,1.039,22.869,16.072,0.92
130.21,131.3,129.69,1.337,16.699,15.95,0.85
130.96,131.98,130.4,0.94,16.615,13.495,0.85
131.32,132.2,130.64,0,19.503,14.422,0.89
130.74,131.67,130.08,0,17.209,12.675,0.86
130.46,131.41,129.77,0,17.341,12.946,0.86
130.06,130.98,129.47,1.017,17.061,13.28,0.87
130.36,131.3,129.67,0,15.545,11.81,0.84
130.35,131.3,129.62,0,15.523,11.743,0.84
130.23,131.05,129.4,0,18.085,13.491,0.88
130,131.01,129.29,0.984,16.428,14.161,0.86
130.5,131.53,129.78,0,17.16,13.279,0.87
130.63,131.8,130.11,1.487,15.304,12.616,0.83
132.03,132.84,131.34,0,22.534,15.546,0.92
131.45,132.37,130.78,0,18.065,13.786,0.88
130.09,131.26,129.49,1.057,17.702,13.584,0.87
130.5,131.6,129.85,0,17.942,12.889,0.88
131.06,132.16,130.21,0,13.856,15.04,0.92
131.2,132.21,130.63,0,19.252,11.997,0.9
130.39,131.5,129.86,0,16.107,10.471,0.86
130.1,131.3,129.61,7.955,20.549,16.072,0.87
130.06,131.28,129.53,12.342,24.449,21.355,0.88
130.05,131.06,129.36,11.759,28.463,23.947,0.89
129.78,130.97,129.16,9.31,23.064,19.761,0.88
129.7,130.84,128.99,0.962,20.543,15.38,0.9
129.82,130.99,129.18,0,17.79,11.752,0.87
129.84,131.06,129.23,0.95,16.08,13.671,0.85
130.18,131.34,129.6,0.984,15.816,13.216,0.84
129.51,130.67,128.83,0,18.012,15.284,0.89
129.31,130.79,128.75,0,5.836,11.73,0.87
129.32,130.72,128.73,0,12.657,11.935,0.88
129.51,130.88,128.68,0,4.886,14.721,0.95
129.5,130.88,128.73,0,5.446,14.405,0.98
129.46,131.04,128.89,0,0.932,11.519,0.57
129.19,130.74,128.55,1.061,6.439,13.599,0.95
129.12,130.57,128.34,0,8.097,14.746,0.95
129.7,130.86,128.95,0,18.501,14.088,0.9
130.89,132.02,130.12,0,17.881,13.67,0.88
130.36,131.43,129.57,0,19.2,15.44,0.89
130.2,131.28,129.42,0,18.922,14.763,0.9
130.61,132.12,129.79,1.438,1.049,17.245,0.67
130.98,132.35,130.17,0,2.769,13.944,0.89
131.16,132.46,130.29,0,5.88,14.239,0.93
131.1,132.42,130.25,0,4.266,13.078,0.93
131.1,132.51,130.31,0,0,11.229,0.78
131.25,132.61,130.4,0.962,1.382,13.802,0.63
131.28,132.57,130.34,0.973,0.999,15.428,0.73
131.21,132.78,130.5,0.907,1.043,15.968,0.77
131.34,132.64,130.44,0,7.268,15.402,0.95
130.92,132.26,130.1,0,1.517,13.498,0.74
130.59,132.04,129.92,0,1.397,12.021,0.65
130.2,131.74,129.49,1.05,6.957,17.378,0.94
130.42,131.82,129.64,1.048,1.443,15.015,0.68
131.11,132.5,130.35,0,1.667,13.354,0.68
131.06,132.46,130.18,1.028,7.299,19.03,0.94
130.19,131.45,129.26,0.973,1.635,15.939,0.68
130.12,131.4,129.26,0,5.28,13.283,0.97
130.03,131.34,129.13,0,2.553,12.818,0.84
130.12,131.43,129.27,0,3.049,12.904,0.86
130.4,131.71,129.54,0,1.032,13.488,0.66
130.15,131.53,129.29,1.423,8.729,16.824,0.95
129.79,131.28,128.98,0.984,2.026,19.048,0.96
129.78,131.27,129.1,1.046,1.439,13.399,0.71
129.62,131.14,128.9,1.43,2.547,17.532,0.87
129.62,131.04,128.62,0.907,7.986,19.438,0.94
129.91,131.49,129.18,0,0.899,12.62,0.51
129.65,131.12,128.8,12.893,18.171,26.777,0.84
129.86,131.32,129.04,10.964,16.048,23.433,0.8
129.92,131.25,129.02,11.451,21.025,26.318,0.86
130.76,132.18,129.96,0.973,6.185,13.511,0.97
130.13,131.68,129.33,1.006,9.294,18.143,0.96
129.54,131.03,128.79,1.399,3.055,15.234,0.89
129.98,131.47,129.21,1.046,7.069,15.938,0.95
130.15,131.66,129.4,1.021,1.319,14.549,0.7
130.26,131.73,129.52,0,1.622,10.799,0.66
129.6,130.97,128.81,0,6.039,11.923,0.92
129.23,130.56,128.48,0.962,8.54,13.773,0.97
129.03,130.42,128.15,1.407,8.917,18.954,0.96
129.35,130.6,128.7,0,13.94,11.708,0.86
129.09,130.61,128.37,1.415,9.262,15.322,0.93
129.55,131.27,128.85,0,1.719,17.782,0.69
130.44,131.96,129.64,0,5.399,16.477,0.95
130.7,132.14,129.91,0.95,2.926,13.309,0.89
130.42,131.84,129.64,0.973,5.95,15.79,0.97
130.5,132,129.78,1.032,1.411,14.075,0.64
130.67,132.08,129.92,0,8.748,13.826,0.94
130.65,132.26,130.06,0.995,1.822,7.122,0.66
130.51,132,129.87,0,8.48,10.537,0.95
130.77,132.2,130.11,0,1.681,9.178,0.74
130.6,132.04,129.93,1.061,5.016,11.745,0.94
130.71,132.23,130.1,0.995,1.649,8.735,0.63
130.92,132.46,130.32,1.017,1.397,12.069,0.7
130.75,132.26,130.16,1.028,1.736,11.198,0.7
131.08,132.53,130.42,0,1.351,10.804,0.64
130.73,132.27,130.05,1.045,0.877,12.77,0.68
130.77,132.29,130.24,0,4.051,4.653,0.92
131.24,132.43,130.46,0,10.32,13.303,0.96
131.46,132.79,130.78,0,0.954,9.542,0.63
131.44,132.95,130.85,1.039,1.513,10.447,0.73
130.91,132.49,130.49,0,2.372,4.179,0.83
130.67,132.23,130.21,0.984,3.014,9.895,0.94
131.09,132.39,130.52,0,7.034,12.089,0.95
130.84,132.29,130.41,1.039,1.653,7.505,0.72
130.79,132.1,130.3,0,3.71,6.292,0.94
131.04,131.9,130.35,10.408,25.437,18.74,0.88
130.92,131.79,130.27,11.299,24.912,18.17,0.88
130.82,131.83,130.18,13,25.427,20.236,0.88
131.43,132.57,130.78,1.017,15.32,8.414,0.84
131.21,132.32,130.58,0.995,16.031,7.461,0.86
130.95,132.08,130.3,0,16.213,5.798,0.86
130.94,132.11,130.24,1.039,16.049,9.645,0.85
131.13,132.28,130.47,0,13.924,3.718,0.81
130.9,132.1,130.22,0,13.379,2.204,0.79
130.75,131.82,129.92,0.973,17.003,8.368,0.87
130.02,131.33,129.31,0,18.197,13.542,0.87
130.27,131.63,129.68,6.67,27.059,16.658,0.92
130.65,132.15,130.25,4.521,25.541,13.173,0.91
130.28,131.87,129.75,1.959,27.145,13.011,0.92
130,131.77,129.56,3.963,23.127,12.231,0.89
130.02,131.79,129.5,4.395,24.555,13.1,0.9
130.48,132.29,129.91,5.056,24.735,13.582,0.9
130.39,132.3,129.82,6.494,23.57,14.271,0.89
130.14,132.08,129.52,6.937,26.479,15.981,0.91
130.52,132.32,129.82,2.24,27.955,13.085,0.92
130.88,132.81,130.23,0,24.312,11.686,0.9
130.87,132.79,130.27,0,23.2,11.053,0.89
130.93,132.8,130.31,0,24.739,11.619,0.9
130.74,132.57,130.08,0,26.094,12.04,0.91
130.84,132.74,130.2,0,24.141,11.283,0.9
131,132.87,130.33,0,25.399,11.773,0.91
130.7,132.57,130.12,6.143,26.723,14.831,0.92
130.54,132.35,129.92,11.797,30.199,17.611,0.92
130.62,132.46,130.03,17.565,34.377,21.952,0.92
130.88,132.77,130.35,16.284,31.887,18.657,0.92
131.07,132.97,130.5,11.418,28.278,15.232,0.91
130.96,132.92,130.38,0,23.673,10.971,0.89
130.79,132.8,130.21,3.77,23.923,12.325,0.89
130.76,132.7,130.05,6.41,28.294,15.599,0.93
130.72,132.76,130.17,7.023,23.626,14.338,0.9
130.71,132.79,130.17,8.211,24.47,16.079,0.9
130.73,132.72,130.23,0,24.821,11.636,0.9
130.97,132.96,130.48,0,23.513,10.989,0.89
131.11,132.94,130.47,0,28.574,13.926,0.92
131.15,133.16,130.6,5.442,24.633,13.643,0.9
131.35,133.33,130.79,5.722,24.866,13.816,0.91
131.37,133.34,130.88,0,23.167,10.503,0.89
131.26,133.16,130.74,3.77,25.386,13.927,0.91
131.27,133.2,130.81,0,22.474,10.541,0.89
131.01,132.8,130.45,2.056,26.051,12.452,0.91
130.6,132.52,130.15,6.33,23.645,14.15,0.9
130.07,131.84,129.61,0,24.454,11.228,0.9
130.12,132.05,129.78,0,22.684,10.539,0.89
129.97,131.95,129.69,4.027,23.873,11.703,0.9
129.87,131.68,129.42,7.497,28.533,14.536,0.92
129.66,131.51,129.36,16.398,32.163,18.662,0.92
129.76,131.57,129.39,16.281,33.714,19.634,0.93
129.93,131.77,129.6,14.756,29.885,16.968,0.92
130.17,132.08,129.78,5.257,23.065,12.731,0.89
129.92,131.74,129.49,4.064,24.918,12.539,0.91
130.31,132.02,129.91,0,26.428,11.459,0.92
130.54,132.35,130.24,0,22.708,10.511,0.89
130.52,132.33,130.16,4.091,24.223,12.999,0.9
130.42,132.09,130.08,0,24.325,11.015,0.9
130.51,132.1,130.07,0,22.204,10.206,0.89
130.63,132.28,130.19,0,17.189,5.246,0.85
130.66,132.4,130.31,0,16.105,2.714,0.82
130.63,132.29,130.34,0,16.75,3.085,0.84
130.59,132.28,130.31,0,16.095,2.978,0.82
130.61,132.33,130.35,1.149,15.578,5.185,0.81
130.89,132.57,130.64,0,15.899,7.12,0.82
131.36,132.93,131.04,0,17.722,6.382,0.85
131.5,133.16,131.24,1.083,16.407,6.243,0.83
131.51,133.13,131.27,0,16.113,3.46,0.83
131.47,133.02,131.2,2.011,18.091,5.967,0.86
131.62,133.1,131.35,2.547,16.928,6.434,0.84
131.62,133.1,131.39,1.083,16.823,5.255,0.84
131.63,133.14,131.41,0.542,15.727,2.886,0.82
131.78,133.19,131.5,2.335,17.935,9.418,0.86
131.9,133.27,131.65,0,16.6,4.586,0.84
130.47,131.77,130.29,0,15.704,0,0.82
130.41,131.72,130.31,0,16.856,0,0.85
129.97,131.43,129.86,1.094,16.466,11.497,0.84
129.97,131.2,129.79,0,17.531,5.814,0.85
129.76,131.02,129.65,0,16.794,4.178,0.84
130.13,131.38,130.04,0,16.266,3.155,0.83
130.54,131.7,130.42,0,16.837,4.665,0.85
130.77,131.92,130.65,2.005,16.642,5.15,0.84
130.72,131.86,130.63,2.684,17.282,4.966,0.85
130.83,131.92,130.66,0,16.671,4.281,0.84
130.67,131.82,130.57,0,16.196,2.992,0.84
130.56,131.66,130.46,0,16.445,3.514,0.84
130.69,131.81,130.61,0,15.65,0,0.82
130.61,131.71,130.55,2.342,15.667,3.497,0.82
130.24,131.29,130.2,0,15.746,0,0.82
130.15,131.26,130.17,0,15.756,0,0.82
130.14,131.16,130.15,0,17.381,2.771,0.86
129.88,130.93,129.86,5.729,17.398,6.348,0.83
129.81,130.77,129.79,13.54,24.474,15.795,0.88
129.74,130.67,129.72,13.556,24.508,15.811,0.88
130.26,131.16,130.18,11.87,23.415,14.463,0.88
130.7,131.62,130.58,2.794,16.258,5.299,0.83
130.41,131.39,130.38,1.105,16.209,3.279,0.83
130.8,131.75,130.78,0,16.926,0,0.85
131.01,132.03,130.97,0,16.056,2.758,0.83
130.79,131.8,130.75,0,16.582,4.011,0.84
130.93,131.91,130.9,0,16.116,2.961,0.84
130.81,131.84,130.79,2.38,15.751,3.846,0.83
130.77,131.75,130.74,0,15.642,0,0.83
130.87,131.8,130.84,0,15.629,0,0.83
130.9,131.83,130.84,0,15.92,2.221,0.83
130.79,131.67,130.75,0,17.633,3.777,0.86
131.01,131.94,130.95,0,16.164,3.025,0.84
131.09,132.07,131.09,0,15.594,0,0.83
131.11,132.03,131.06,1.966,15.817,3.659,0.83
130.86,131.78,130.83,2.005,15.955,3.828,0.83
130.7,131.64,130.69,1.564,15.808,2.855,0.83
131.1,131.99,131.05,0,15.602,0,0.83
131.18,132.03,131.11,0,15.582,0,0.83
131.23,132.05,131.2,0,16.769,0,0.85
131.1,132.04,131.13,0,15.575,0,0.83
131.25,132.15,131.26,0,15.573,0,0.83
131.03,131.87,130.99,0,17.059,4.753,0.85
130.29,131.11,130.3,0,16.829,4.084,0.85
130.38,131.21,130.42,0,15.733,0,0.82
130.08,130.92,130.1,1.172,16.5,5.797,0.84
130.42,131.24,130.43,0,17.857,4.233,0.87
130.94,131.87,130.98,0,15.625,0,0.83
131.4,132.28,131.41,0,15.573,0,0.83
131.14,132.01,131.2,1.105,15.776,3.206,0.83
130.91,131.79,130.93,2.009,16.138,5.221,0.84
131.78,132.59,131.71,1.636,16.64,5.576,0.84
131.93,132.77,131.9,2.063,16.243,5.337,0.83
132.07,132.89,132.09,1.696,16.656,3.379,0.85
132.34,133.14,132.27,1.105,15.611,2.42,0.83
132.34,133.18,132.28,0,15.492,0,0.83
132.02,132.85,131.99,0,15.56,0,0.82
131.96,132.8,131.97,0,15.558,0,0.82
131.96,132.83,131.97,0,15.546,0,0.82
131.85,132.67,131.85,0,15.566,0,0.82
132.06,132.84,132.01,0,15.568,0,0.82
132.05,132.8,131.98,0,16.709,0,0.85
132.18,132.97,132.15,1.186,15.771,3.151,0.83
132.03,132.76,131.98,7.467,19.371,10.059,0.85
131.76,132.49,131.74,14.358,25.627,18.003,0.88
131.75,132.58,131.72,15.424,24.898,18.899,0.88
131.83,132.64,131.78,11.154,22.175,14.273,0.87
132.08,132.86,131.97,1.983,15.91,4.746,0.83
132.1,132.84,132.07,0,16.721,0,0.85
132.03,132.75,131.96,0,16.654,4.363,0.85
131.85,132.68,131.83,0,15.856,2.211,0.83
131.94,132.74,131.85,1.105,16.178,5.977,0.84
131.82,132.61,131.76,0,16.466,3.921,0.84
131.98,132.82,131.95,0,16.185,3.283,0.84
132.2,133.07,132.18,0,15.544,0,0.82
132.28,133.09,132.23,0,15.54,0,0.82
132.3,132.99,132.15,0,17.435,5.813,0.86
132.19,132.96,132.11,0,16.76,0,0.85
132,132.78,131.81,0,18.329,8.157,0.87
131.88,132.71,131.64,0,19.367,12.055,0.91
131.92,132.8,131.69,1.116,17.301,12.766,0.88
132.14,132.97,131.95,1.628,19.111,11.685,0.9
131.35,132.17,131.11,1.54,20.583,13.923,0.91
130.88,131.66,130.67,0,19.829,11.581,0.91
130.73,131.49,130.55,2.228,20.422,11.838,0.91
130.27,131.07,130.1,0,18.206,10.891,0.89
130.5,131.23,130.23,0,21.156,12.298,0.92
130.87,131.61,130.57,0,19.06,11.27,0.9
130.82,131.55,130.61,0,17.273,10.447,0.88
130.74,131.39,130.51,0,17.288,10.284,0.88
130.81,131.39,130.56,0,17.009,10.283,0.87
131.09,131.6,130.75,0,15.354,8.434,0.84
131.04,131.51,130.72,0,14.42,0,0.83
130.92,131.45,130.61,0,14.364,4.121,0.82
130.75,131.31,130.46,0,15.063,5.382,0.84
130.75,131.32,130.46,0,13.267,0,0.8
130.56,131.34,130.26,2.029,15.005,12.104,0.83
130.89,131.59,130.63,1.48,13.366,4.73,0.8
130.7,131.4,130.43,0.995,14.331,6.185,0.83
131,131.65,130.65,0,17.294,9.358,0.88
131.44,132.3,130.98,1.006,7.49,7.255,0.86
131.06,131.72,130.56,0,11.434,5.819,0.85
130.89,131.68,130.3,0,0.944,6.986,0.61
130.9,131.57,130.42,0,11.254,0,0.8
130.92,131.54,130.43,0,14.578,4.857,0.83
131.22,131.9,130.76,3.493,14.627,5.343,0.81
130.83,131.33,130.3,11.582,27.292,20.424,0.89
130.64,131.16,130.17,12.841,26.972,21.144,0.89
130.28,130.84,129.87,11.051,22.51,17.878,0.87
130.3,130.89,129.59,1.402,19.159,16.502,0.89
130.88,131.62,130.32,2.013,16.42,13.56,0.86
131.7,132.58,131.09,0,15.041,15.254,0.83
131.94,132.71,131.35,0,14.778,11.397,0.82
131.65,132.42,131.04,1.017,16.698,14.203,0.85
131.51,132.36,130.96,0,14.584,11.276,0.82
131.19,132.13,130.65,0.917,15.009,14.425,0.83
131.38,132.17,130.75,1.028,17.281,13.867,0.86
130.84,131.72,130.28,0,15.362,11.204,0.83
130.81,131.81,130.26,0,13.884,10.162,0.8
131.29,132.12,130.44,1.066,19.824,16.132,0.89
131.04,132.06,130.22,1.392,17.318,18.985,0.87
130.94,131.79,130.2,2.038,19.009,12.974,0.89
130.88,131.8,130.22,1.017,18.079,11.592,0.88
131,131.96,130.29,0,17.86,12.648,0.87
130.95,131.96,130.26,1.407,15.559,12.186,0.84
131.25,132.27,130.56,0,14.312,11.401,0.81
131.15,132.19,130.45,1.415,17.346,14.008,0.87
130.63,131.7,129.9,1.017,17.05,15.28,0.86
130.65,131.57,129.96,0,18.604,11.913,0.89
130.86,131.95,130.23,0,14.364,11.373,0.81
130.58,131.78,129.88,1.006,15.172,15.197,0.83
130.47,131.62,129.76,0.962,16.007,13.306,0.84
130.44,131.65,129.59,0.94,15.275,14.921,0.91
130.16,131.62,129.41,0,0.977,10.752,0.66
130.53,131.74,129.64,0,1.053,12.798,0.64
130.69,131.75,129.83,0,13.387,13.933,0.92
130.03,131.17,129.41,1.039,14.067,10.698,0.8
129.94,131.07,129.24,1.457,16.386,13.547,0.85
130.24,131.38,129.43,0,11.483,12.539,0.82
130.14,131.47,129.29,0,2.236,12.474,0.88
129.95,131.42,129.22,0,1.389,11.308,0.63
130.06,131.36,129.21,0,6.353,13.623,0.94
130.18,131.54,129.44,0,1.821,11.28,0.85
129.95,131.35,129.13,11.264,13.735,21.622,0.81
129.81,131.18,129.05,11.16,15.311,21.02,0.81
130.07,131.37,129.29,11.805,16.421,22.503,0.82
130.48,131.7,129.53,4.48,9.8,17.997,0.89
130.34,131.66,129.47,0,2.007,12.87,0.7
130.26,131.67,129.45,0,1.01,11.975,0.7
129.85,131.1,128.95,0,7.588,13.768,0.95
129.75,131.06,128.9,0,4.016,13.242,0.88
130.14,131.52,129.38,0,6.497,12.745,0.94
130.34,131.92,129.65,1.039,0,12.621,0.86
131.27,132.67,130.45,0,1.032,11.817,0.77
131.59,132.93,130.58,0.95,9.185,17.62,0.94
131.4,132.8,130.53,1.012,3.08,12.53,0.88
130.69,132.15,129.78,1.43,5.265,14.81,0.95
130.5,131.84,129.54,0,8.579,15.047,0.94
130.5,131.88,129.65,0.995,1.358,12.031,0.68
131.07,132.48,130.19,1.055,0.977,13.261,0.6
130.9,132.32,129.95,1.385,7.328,19.307,0.94
130.35,131.79,129.57,1.039,1.398,11.698,0.59
130.38,131.94,129.6,1.006,3.185,15.941,0.92
130.21,131.66,129.38,1.028,3.188,14.975,0.95
130.37,131.76,129.46,1.034,1.722,14.494,0.68
130.87,132.21,129.82,1.376,8.473,18.414,0.93
130.12,131.6,129.34,1.034,0.91,13.366,0.54
130.47,132.01,129.71,0,0.954,13.545,0.81
130.96,132.57,130.22,0,1.041,12.071,0.72
131.23,132.75,130.37,1.984,1.669,14.337,0.67
131.63,133.08,130.65,1.024,9.065,18.183,0.96
131.61,133.2,130.71,1.028,0,15.885,0.84
131.86,133.32,130.96,0,1.01,12.22,0.71
131.6,133.09,130.68,0.95,4.402,13.153,0.92
131.23,132.67,130.3,0,3.887,14.808,0.94
131.19,132.55,130.21,0,1.01,14.764,0.66
131.31,132.75,130.49,1.028,0,11.576,0.81
131.34,132.72,130.44,0,8.015,13.508,0.95
131.47,133.02,130.66,1.028,1.737,14.373,0.74
131.4,132.94,130.62,0.995,1.711,12.549,0.67
131.71,133.17,130.92,1.385,1.026,9.604,0.65
131.65,133.09,130.67,0.984,8.917,16.879,0.94
131.37,132.98,130.7,1.028,0,7.111,0.85
131.6,133,130.8,8.58,11.055,15.218,0.76
130.79,132.22,130.1,11.221,16.017,18.047,0.82
129.91,131.38,129.22,11.063,16.063,18.738,0.81
130.42,131.63,129.59,7.239,20.816,16.375,0.89
130.95,132.32,130.08,0,1.335,9.161,0.7
130.89,132.28,130.09,0,1.366,9.137,0.73
131.11,132.54,130.37,1.017,1.638,7.719,0.64
131.44,132.67,130.45,0.984,8.101,14.097,0.94
131.44,132.66,130.62,0,4.438,9.669,0.95
131.28,132.78,130.56,1.017,1.335,7.6,0.62
130.85,132.38,130.05,1.006,5.109,12.995,0.93
130.48,132.09,129.8,0,1.305,9.265,0.63
130.63,132.11,129.89,0,0.988,8.132,0.72
130.8,132.28,130.05,0.984,1.34,9.211,0.62
130.81,132.23,130.05,1.028,6.159,10.031,0.93
130.69,132.3,130.05,0,6.236,14.272,0.97
131.38,132.93,130.75,0,1.803,3.768,0.93
131.75,133.21,131.01,0,1.326,5.671,0.74
131.74,133.11,130.85,0.984,1.609,10.12,0.61
131.56,133.1,130.77,0.94,0.91,8.208,0.52
131.38,132.84,130.5,1.069,5.282,10.685,0.91
131.64,133.18,130.85,1.039,0.843,11.477,0.65
131.54,132.98,130.71,0,0.932,7.835,0.62
131.53,132.96,130.78,0,2.682,7.82,0.9
131.36,132.75,130.54,0,5.852,10.752,0.92
131.6,132.94,130.74,1.079,8.134,13.213,0.94
131.58,133.07,130.83,0,0.899,5.348,0.48
131.63,133.06,130.88,0,6.246,5.922,0.83
131.38,132.48,130.62,0,18.217,10.161,0.88
131.56,132.72,130.9,0,16.278,6.409,0.86
131.69,132.86,131.01,0,16.405,7.425,0.86
131.45,132.66,130.72,1.039,17.559,11.944,0.87
131.59,132.81,130.9,0,15.102,6.017,0.83
131.63,132.8,131,1.039,13.765,5.488,0.8
131.48,132.73,130.86,2.307,15.929,11.016,0.85
131.53,132.83,130.96,0,14.164,9.333,0.82
131.75,133.1,131.11,0.94,15.039,12.162,0.83
131.96,133.15,131.23,1.028,15.438,7.041,0.84
131.9,133.18,131.24,1.701,19.713,11.749,0.88
130.78,131.94,130.13,1.517,26.516,13.656,0.92
130.18,131.62,129.78,15.973,28.817,19.789,0.91
129.87,131.38,129.5,16.513,32.334,19.635,0.93
130.18,131.81,129.73,16.464,35.243,20.85,0.93
130.57,132.42,130.09,6.16,25.327,12.979,0.9
130.13,131.95,129.54,0,27.986,14.102,0.92
130.54,132.52,129.94,6.033,25.792,14.838,0.91
130.79,132.81,130.32,0,24.44,11.744,0.9
130.66,132.76,130.14,7.26,26.065,15.952,0.91
130.76,132.89,130.26,3.116,24.527,12.833,0.9
130.66,132.76,130.23,5.054,27.431,15.472,0.92
130.98,133.14,130.56,4.204,24.11,12.922,0.9
130.88,133.04,130.44,1.417,22.511,11.122,0.88
130.65,132.82,130.2,0,23.095,11.111,0.89
130.69,132.91,130.26,5.225,22.832,12.955,0.89
130.54,132.75,130.05,5.741,24.315,14.023,0.9
130.52,132.64,129.97,3.825,26.071,13.737,0.91
130.45,132.6,129.95,4.342,26.585,13.338,0.92
130.57,132.86,130.11,5.5,24.805,14.065,0.9
130.5,132.7,130.07,0,23.188,11.03,0.89
130.43,132.65,129.95,4.983,25.319,13.798,0.91
130.3,132.74,129.93,7.964,23.185,15.217,0.89
130.76,133.02,130.28,3.821,24.588,12.7,0.9
130.64,132.75,130.07,0,27.079,12.938,0.92
130.61,132.82,130.14,6.159,25.634,14.56,0.91
130.67,132.85,130.13,4.655,24.91,13.422,0.91
130.88,133.04,130.3,2.967,24.772,12.457,0.9
131.02,133.26,130.49,5.159,23.29,13.263,0.89
131.15,133.4,130.59,6.629,23.743,14.34,0.9
130.79,133.01,130.25,2.062,23.347,11.383,0.89
130.84,132.96,130.23,1.234,27.203,13.571,0.92
130.7,132.84,130.22,0,23.764,10.925,0.9
130.28,132.36,129.8,0,24.433,11.502,0.9
130.38,132.53,129.95,2.44,23.854,11.753,0.89
130.33,132.44,129.88,1.408,24.848,11.936,0.9
130.57,132.72,130.2,0,22.656,10.936,0.89
130.74,132.88,130.34,4.093,22.691,12.056,0.89
130.99,133.12,130.56,5.773,25.705,14.119,0.91
131.39,133.45,130.91,2.371,24.477,12.091,0.9
131.32,133.34,130.83,4.563,25.41,12.706,0.91
130.81,132.82,130.45,16.563,33.357,20.274,0.93
130.96,132.95,130.61,16.296,31.758,20.056,0.92
129.94,131.94,129.66,15.144,29.885,17.457,0.92
129.51,131.41,129.13,0,24.796,11.609,0.91
129.44,131.33,129.12,1.422,24.121,10.996,0.9
129.5,131.35,129.17,0,23.173,10.957,0.89
129.65,131.45,129.33,0,24.611,11.673,0.91
129.88,131.77,129.63,3.464,22.885,11.967,0.89
129.69,131.56,129.37,0,22.808,12.77,0.89
130.11,131.96,129.85,0,20.159,10.229,0.87
130.41,132.31,130.18,1.183,15.573,6.215,0.83
130.46,132.21,130.21,0,18.197,5.142,0.87
130.6,132.33,130.35,0,17.117,5.02,0.85
130.68,132.37,130.41,0,15.571,0,0.82
130.03,131.67,129.77,0,16.151,3.156,0.84
129.93,131.54,129.73,0,15.905,2.32,0.84
129.83,131.45,129.58,1.201,15.612,4.816,0.83
129.94,131.44,129.65,0,15.593,0,0.83
130.25,131.59,129.93,0,19.102,6.081,0.88
130.15,131.68,129.92,2.314,16.504,5.397,0.84
130.22,131.72,130,2.558,16.589,5.673,0.84
130.43,131.87,130.19,1.585,16.246,4.091,0.84
130.58,132,130.36,0,16.156,3.173,0.84
130.57,131.99,130.35,1.161,16.169,5.643,0.84
130.57,131.92,130.34,0,15.572,0,0.83
130.81,132.11,130.57,1.139,16.747,4.855,0.85
130.62,131.89,130.38,0,18.699,7.248,0.87
130.4,131.73,130.22,0,16.076,2.957,0.84
130.39,131.66,130.2,0,15.574,0,0.83
130.68,131.93,130.5,0,15.571,0,0.83
130.66,131.89,130.51,0,15.572,0,0.83
130.73,131.88,130.54,0,16.234,3.414,0.84
130.66,131.78,130.49,2.32,16.816,4.435,0.85
130.59,131.65,130.37,2.791,16.767,5.786,0.85
130.54,131.57,130.28,1.632,18.015,6.713,0.87
130.23,131.32,130.06,2.972,15.589,5.14,0.83
130.29,131.42,130.16,3.454,15.582,6.185,0.83
130.29,131.39,130.17,3.214,15.59,5.638,0.83
130.68,131.75,130.52,3.53,15.573,6.308,0.83
130.57,131.64,130.44,3.217,15.578,5.609,0.83
130.51,131.51,130.38,3.414,16.677,5.971,0.85
130.3,131.25,130.12,2.995,17.919,7.966,0.87
130.05,131.01,129.96,0,16.679,4.189,0.85
130.14,131.04,130,0,16.343,3.571,0.84
130.47,131.33,130.33,1.172,16.054,3.608,0.84
130.85,131.74,130.7,2.86,15.997,5.074,0.83
130.92,131.81,130.78,2.339,16.549,5.365,0.84
130.99,131.79,130.89,11.316,22.921,13.179,0.88
130.43,131.22,130.28,13.476,26.483,17.62,0.89
130.34,131.18,130.21,13.795,25.089,16.841,0.88
130.47,131.37,130.36,9.555,19.528,11.819,0.86
130.51,131.42,130.4,3.443,15.586,5.917,0.83
130.44,131.39,130.36,3.326,15.582,5.897,0.83
130.48,131.35,130.4,0,16.093,2.902,0.84
130.34,131.23,130.28,3.359,16.674,5.825,0.85
130.51,131.4,130.39,3.008,15.587,5.372,0.83
130.69,131.53,130.56,2.73,16.266,5.897,0.84
130.79,131.66,130.66,3.358,15.572,5.921,0.83
130.93,131.7,130.73,2.612,18.12,7.574,0.87
131.05,131.87,130.92,2.327,15.872,4.138,0.83
131.01,131.83,130.9,2.283,15.813,3.967,0.83
130.88,131.65,130.77,0,16.696,0,0.85
130.97,131.8,130.89,0,15.573,0,0.83
130.96,131.79,130.85,0,15.573,0,0.83
131,131.81,130.9,0,15.572,0,0.83
130.9,131.75,130.84,0,15.572,0,0.83
130.89,131.72,130.83,0,15.574,0,0.83
130.71,131.5,130.62,0,17.526,5.575,0.86
130.9,131.72,130.87,0,17.528,3.804,0.86
131.15,131.96,131.07,1.127,16.518,5.83,0.85
131.28,132.1,131.19,0,15.568,0,0.83
130.88,131.68,130.79,0,16.531,3.867,0.85
130.94,131.71,130.8,0,16.955,4.634,0.85
130.99,131.81,130.88,1.216,15.858,3.218,0.83
130.89,131.69,130.77,2.975,16.351,6.631,0.84
130.75,131.59,130.67,2.294,16.159,5.535,0.84
130.84,131.64,130.77,0,17.581,3.921,0.87
130.88,131.69,130.8,0,15.574,0,0.83
131.18,131.92,130.99,0,17.712,5.925,0.86
131.02,131.86,130.93,0,15.571,0,0.83
130.96,131.76,130.84,0,15.572,0,0.83
130.96,131.76,130.84,0,15.573,0,0.83
131.4,132.15,131.28,0,15.561,0,0.83
131.56,132.35,131.46,0,15.518,0,0.83
131.4,132.12,131.27,0,16.724,0,0.85
131.29,132.04,131.13,0,17.817,6.115,0.86
131.3,132.14,131.2,2.306,16.094,5.307,0.83
131.48,132.31,131.32,1.685,16.554,5.41,0.85
131.55,132.47,131.43,1.697,15.49,6.363,0.83
131.59,132.45,131.47,2.296,16.064,5.638,0.84
131.73,132.54,131.59,0,15.606,2.163,0.83
131.54,132.38,131.41,0,15.463,0,0.83
131.16,131.97,131.09,0,16.682,0,0.85
131.17,131.98,130.95,1.127,17.572,9.388,0.86
130.8,131.64,130.67,0,16.504,3.901,0.85
130.14,130.97,130.07,13.015,25.086,16.243,0.88
130.17,131.05,130.14,13.505,24.306,16.071,0.88
130.35,131.22,130.29,13.599,24.397,16.207,0.88
130.45,131.4,130.37,5.289,17.211,6.332,0.85
131.07,131.96,130.92,1.149,17.191,5.918,0.86
131.4,132.2,131.18,0,20.795,10.183,0.9
131.09,132.08,131.01,0,15.572,0,0.83
130.6,131.66,130.46,0,17.209,10.223,0.85
130.36,131.4,130.18,0,18.938,12.043,0.88
130.65,131.5,130.31,0,23.385,14.626,0.92
130.61,131.63,130.39,1.921,20.996,13.96,0.9
130.21,131.24,130.05,1.05,20.044,10.856,0.89
129.84,130.91,129.72,1.105,21.079,11.223,0.9
130.1,131.12,129.93,0,21.403,11.267,0.9
130.97,132.01,130.76,0,19.817,10.669,0.89
130.75,131.73,130.54,0,22.643,11.838,0.91
130.54,131.56,130.4,0,19.86,10.363,0.89
130.97,132,130.8,1.201,19.794,12.537,0.89
131.02,131.9,130.8,0,20.233,10.354,0.89
131.16,131.95,130.89,0,20.648,10.593,0.9
131.09,131.66,130.66,0,24.375,11.283,0.93
131.26,132,130.85,0,16.005,5.522,0.85
131.06,131.87,130.7,0,13.411,0,0.79
130.85,131.61,130.47,0,16.197,6.68,0.85
130.42,131.35,130.14,2.015,13.289,3.037,0.79
130.12,130.98,129.69,0,17.364,10.126,0.87
130.7,131.45,130.13,0,18.085,13.151,0.88
130.97,131.69,130.29,0,20.405,14.391,0.91
130.71,131.37,129.88,1.028,24.999,20.359,0.93
130.52,131.29,129.66,0,20.57,18.362,0.9
130.31,131.38,129.42,0,10.454,18.275,0.94
129.98,130.82,129.21,0,19.829,16.699,0.92
129.97,131.1,129.19,0,7.796,14.78,0.96
130.1,130.92,129.32,0,19.139,16.115,0.9
130.66,131.53,129.81,1.07,19.985,18.289,0.9
130.6,131.2,129.65,0,22.085,16.365,0.91
130.08,130.87,129.25,1.006,20.143,16.715,0.9
130.61,131.37,129.81,0,20.794,15.574,0.9
130.78,131.66,130,0,19.157,15.697,0.89
130.32,131.01,129.44,0,24.784,18.377,0.93
130.17,131.17,129.39,1.039,18.002,18.247,0.88
131.43,132.43,130.44,0.984,20.376,24.079,0.9
130.95,131.87,130.05,1.017,19.925,19.072,0.9
130.74,131.68,129.86,0.95,22.107,19.47,0.91
130.88,131.87,130.06,1.705,19.361,17.071,0.89
130.69,131.81,129.92,0,20.336,16.863,0.9
130.67,131.78,129.85,5.816,20.523,19.039,0.87
130.61,131.7,129.68,11.469,28.926,28.03,0.89
130.77,131.81,129.78,11.293,28.843,26.685,0.89
130.66,131.66,129.62,10.034,26.566,24.771,0.89
130.76,131.71,129.66,1.006,21.271,20.758,0.9
130.58,131.45,129.43,0,24.233,20.237,0.92
130.17,131.25,129.1,0.984,20.274,19.313,0.9
130.26,131.38,129.19,0,19.205,19.53,0.89
129.98,130.93,128.87,0,21.037,16.367,0.91
129.65,130.63,128.37,0,22.275,21.766,0.91
129.86,130.91,128.77,0,19.852,16.984,0.89
130.16,131.19,129.1,1.385,19.974,18.259,0.9
130.23,131.09,129.12,0,23.135,17.892,0.92
130.29,131.3,129.25,0,21.297,17.162,0.9
130.47,131.41,129.42,0,21.334,16.789,0.91
130.46,131.27,129.26,0,24.657,18.806,0.93
130.17,131.23,129.13,0,18.21,15.947,0.87
129.93,130.99,128.84,0.94,19.644,19.789,0.89
129.87,130.83,128.66,1.028,20.399,20.242,0.89
130.07,130.95,128.89,0,21.549,18.977,0.9
130.09,131,129.02,0,18.529,15.153,0.88
130.07,131.03,129,0,17.165,14.87,0.86
129.87,130.72,128.72,0,19.214,16.707,0.89
129.68,131.02,128.54,1.006,6.359,18.439,0.94
129.81,131.18,128.69,0,5.276,15.653,0.93
129.89,131.13,128.79,0,5.464,15.841,0.93
129.85,131.05,128.63,0,9.881,18.133,0.95
129.96,131.25,128.82,0,7.943,16.237,0.95
130.1,131.51,128.96,0.973,3.745,17.545,0.91
130.27,131.54,129.12,1.045,8.242,16.964,0.96
130.41,131.58,129.09,0,11.165,19.233,0.95
130.49,131.67,129.2,0,7.775,18.819,0.94
129.97,131.29,128.89,0,5.981,16.071,0.95
129.83,131.1,128.76,0,6.72,16.66,0.96
129.64,130.95,128.61,0,7.764,16.129,0.95
129.55,130.84,128.47,1.469,7.236,18.754,0.98
129.73,131.1,128.65,1.017,2.063,16.909,0.89
129.65,130.9,128.53,1.006,5.309,17.309,0.92
129.83,131.06,128.58,0,6.707,19.192,0.96
130.25,131.4,129.02,1.36,9.22,18.899,0.95
130.36,131.75,129.32,0,3.58,15.068,0.9
130.32,131.73,129.23,1.006,7.75,17.172,0.95
130.3,131.66,129.13,1.039,8.207,20.531,0.94
130.24,131.57,129.12,9.649,16.361,25.18,0.84
129.96,131.26,128.89,11.229,19.332,27.302,0.85
130.15,131.43,129.01,11.126,21.125,28.487,0.86
130.75,132.1,129.62,5.177,11.852,20.499,0.89
130.66,132.11,129.54,0,5.913,16.615,0.94
130.37,131.79,129.28,1.439,8.219,20.071,0.97
130.68,132.04,129.49,0,6.822,16.852,0.94
130.72,132.04,129.56,0,7.222,17.083,0.94
130.99,132.27,129.79,0,5.319,17.292,0.94
130.86,132.18,129.7,0,9.029,17.645,0.95
130.72,131.98,129.49,0,9.632,18.57,0.95
130.69,131.99,129.34,1.407,10.735,23.318,0.95
130.72,132.07,129.47,1.006,8.961,18.771,0.94
130.8,132.25,129.57,1.017,2.956,16.869,0.94
130.74,132.1,129.42,0,8.138,19.376,0.95
130.89,132.2,129.55,0,9.945,19.802,0.94
130.66,132.02,129.41,0,6.933,18.58,0.97
130.49,131.97,129.4,0,5.71,16.27,0.95
130.86,132.18,129.49,1.039,9.216,22.17,0.95
130.75,132.12,129.45,1.028,9.379,22.798,0.95
130.72,131.97,129.42,1.006,9.056,19.391,0.95
130.86,132.24,129.7,1.412,3.279,16.497,0.86
130.8,132.14,129.63,0,5.977,18.618,0.95
130.92,132.17,129.74,0,8.452,16.629,0.96
130.24,131.5,129.11,1.006,10.009,18.524,0.95
130.58,131.77,129.44,0,10.466,17.383,0.95
130.8,132.17,129.75,0,6.11,15.154,0.94
130.87,132.08,129.68,0,10.954,18.932,0.96
130.94,132.23,129.85,0,8.19,16.497,0.94
131.02,132.27,129.95,0,11.445,17.501,0.96
130.84,132.05,129.63,1.039,12.455,20.623,0.95
130.75,132.19,129.77,1.061,7.302,16.652,0.94
130.88,132.31,129.87,1.344,5.056,17.43,0.94
131.15,132.46,130.09,0.995,10.022,18.745,0.94
131.14,132.41,130.02,0,7.375,16.483,0.94
131.13,132.43,130.18,0,4.134,13.445,0.94
130.57,131.73,129.51,10.587,17.497,24.176,0.87
129.61,131.02,128.75,13.771,19.13,26.816,0.84
129.69,131.01,128.9,11.048,18.478,22.772,0.84
130.3,131.86,129.58,5.998,10.266,17.348,0.84
130.55,131.82,129.59,0,10.615,16.432,0.95
130.93,132.26,129.94,0.94,11.647,17.414,0.96
130.96,132.56,130.2,1.017,5.529,14.618,0.94
131.24,132.63,130.41,0,6.041,10.587,0.94
131.11,132.48,130.21,1.017,9.129,15.268,0.95
131.47,133.04,130.73,0.984,4.587,11.947,0.93
131,132.43,130.24,0,5.766,7.421,0.96
130.6,131.97,129.71,1.039,6.681,13.511,0.94
130.61,131.87,129.64,0.962,12.576,16.045,0.96
130.39,131.97,129.72,0.995,3.093,8.733,0.91
130.52,131.91,129.72,0,8.997,11.195,0.95
130.69,132.02,129.81,0,10.717,12.838,0.95
130.62,132.13,129.92,1.493,5.77,9.527,0.94
130.69,132.05,129.91,1.017,11.744,14.522,0.93
130.73,132,130.11,0,18.875,14.918,0.89
130.79,131.93,130.05,0.94,22.503,17.854,0.92
131.24,132.43,130.46,1.028,20.482,15.557,0.9
131.42,132.63,130.72,1.017,18.09,13.641,0.88
131.4,132.59,130.69,1.05,17.245,12.108,0.87
131.23,132.5,130.48,1.352,17.782,14.521,0.87
131.35,132.48,130.5,0.973,21.861,16.802,0.91
131.03,132.34,130.19,1.028,20.423,19.419,0.9
131.06,132.21,130.21,0,20.315,12.777,0.9
130.63,131.74,129.92,0,29.028,15.381,0.93
130.37,131.64,129.78,0,29.097,14.656,0.93
130.05,131.52,129.46,0,30.955,16.315,0.94
130.27,131.84,129.61,0,32.115,16.185,0.94
130.3,132.09,129.65,5.146,29.874,17.577,0.93
130.42,132.23,129.79,0,29.304,14.866,0.93
130.53,132.42,129.86,0,29.461,15.262,0.93
130.34,132.21,129.61,0,29.684,15.945,0.93
130.42,132.43,129.87,0,25.748,13.132,0.91
130.25,132.37,129.79,0,24.402,11.762,0.9
130.36,132.39,129.8,1.967,27.533,12.742,0.92
130.16,132.35,129.61,9.882,28.782,19.447,0.92
129.59,131.63,129.06,17.388,39.025,24.51,0.93
129.5,131.65,129.02,16.477,36.165,21.643,0.93
129.48,131.67,129.01,14.827,33.162,19.586,0.93
129.69,132.04,129.23,0,23.276,11.107,0.89
129.67,131.97,129.14,5.334,27.144,14.19,0.92
129.71,132.04,129.15,4.861,24.287,13.243,0.9
129.74,131.94,129.11,0,26.603,12.474,0.92
129.63,132.02,129.05,8.242,25.141,16.433,0.91
129.89,132.1,129.3,4.469,26.086,13.614,0.91
129.71,132.03,129.17,5.105,25.752,13.961,0.91
129.72,131.98,129.15,2.892,27.602,12.938,0.92
129.98,132.23,129.39,2.48,27.676,13.116,0.92
130.12,132.52,129.66,0,23.306,11.071,0.89
130.19,132.45,129.54,0,28.274,13.764,0.92
130.24,132.66,129.74,3.683,24.651,12.62,0.91
130.53,132.86,130,2.63,24.169,11.936,0.9
130.76,132.94,130.11,0,28.08,13.591,0.93
130.77,132.99,130.22,0,26.95,12.555,0.92
130.63,133.05,130.2,5.436,22.789,13.043,0.89
130.79,133.02,130.32,0,25.181,11.955,0.91
130.86,133.09,130.44,0,25.299,11.938,0.91
130.91,133.19,130.48,0,24.561,11.656,0.9
130.99,133.19,130.51,0,25.42,11.986,0.91
130.63,132.75,130.21,0,26.356,11.875,0.92
130.21,132.45,129.88,0,24.025,11.41,0.9
130.4,132.52,129.98,3.682,25.26,13.06,0.91
130.55,132.59,130.11,2.341,27.34,14.12,0.92
130.19,132.29,129.92,2.515,23.629,11.726,0.9
129.83,131.89,129.59,0,24.234,11.468,0.91
130.01,131.97,129.68,2.615,25.505,12.414,0.91
130.19,132.21,129.96,3.74,23.871,11.866,0.9
130.39,132.44,130.13,0,22.652,10.848,0.89
129.75,131.72,129.46,0,23.812,11.34,0.9
129.63,131.54,129.37,2.889,24.041,12.136,0.9
129.83,131.77,129.62,0,23.091,11.185,0.9
129.84,131.71,129.63,0,22.714,11.263,0.9
129.74,131.59,129.55,0,22.416,10.797,0.9
129.79,131.59,129.46,0,17.532,8.073,0.88
129.8,131.68,129.57,0,14.171,3.473,0.81
130.15,132.04,129.91,0,13.36,2.419,0.8
130.27,132.04,129.97,0,16.577,7.375,0.86
130.51,132.24,130.23,0,14.369,4.392,0.83
130.93,132.63,130.7,0,13.358,1.299,0.8
130.78,132.35,130.59,14.051,24.122,17.459,0.86
130.55,132.13,130.41,13.34,23.048,16.275,0.86
130.65,132.22,130.48,13.58,22.628,16.571,0.86
131.16,132.68,130.92,0,13.267,0.539,0.8
131.16,132.58,130.86,0,15.38,6.35,0.85
131,132.49,130.8,0,13.265,0,0.8
131.14,132.58,130.92,0,13.264,0,0.8
131.28,132.59,131.05,0,15.236,4.458,0.85
131.15,132.5,131,0,13.714,2.917,0.81
130.95,132.34,130.82,0,13.266,0.528,0.8
130.95,132.32,130.66,0,14.078,3.906,0.82
131.29,132.6,131.02,0,13.262,0,0.8
131.55,132.82,131.23,0,13.247,0,0.8
131.75,132.98,131.44,0,14.228,0,0.83
131.69,132.95,131.39,0,13.223,0,0.8
131.51,132.78,131.25,0,13.242,0,0.8
131.59,132.79,131.32,0,13.254,0,0.8
131.42,132.64,131.18,0,13.261,0,0.8
131.28,132.53,131.05,0,13.263,0,0.8
131.25,132.41,131.03,0,14.271,0,0.83
131.69,132.84,131.44,0,13.336,0,0.8
131.75,132.9,131.51,0,13.227,0,0.8
131.68,132.79,131.43,0,13.253,0,0.8
131.7,132.83,131.48,0,13.247,0,0.8
131.68,132.77,131.46,0,14.201,4.161,0.82
131.41,132.5,131.21,0,13.261,0,0.8
131.57,132.62,131.39,0,14.348,0,0.83
131.49,132.64,131.34,1.127,13.26,3.885,0.8
131.51,132.59,131.34,0,13.261,5.021,0.8
131.69,132.71,131.44,0,13.25,0,0.8
131.3,132.35,131.09,0,13.264,0,0.8
131.13,132.19,130.9,0,13.265,0,0.8
131.45,132.48,131.21,0,13.264,0,0.8
131.45,132.44,131.24,0,14.359,0,0.83
131.34,132.4,131.16,0,13.263,0,0.8
131.21,132.23,131.03,0,13.264,0,0.8
131.5,132.55,131.32,0,13.262,0,0.8
131.78,132.78,131.57,0,13.24,0,0.8
131.67,132.62,131.44,0,13.81,3.111,0.81
131.7,132.7,131.52,0,14.427,3.791,0.83
131.67,132.69,131.52,0,13.944,0,0.82
131.66,132.74,131.51,0,13.25,0,0.8
131.54,132.57,131.38,0,13.263,0,0.8
131.71,132.72,131.56,0,13.127,0,0.79
131.94,132.87,131.76,0,13.235,0,0.8
131.91,132.85,131.68,0,13.234,0,0.8
131.7,132.6,131.5,0,14.291,0,0.83
131.54,132.47,131.35,10.392,18.818,12.497,0.84
131.57,132.49,131.42,13.634,22.247,16.768,0.85
131.66,132.58,131.49,13.393,21.951,16.522,0.85
131.8,132.73,131.63,10.6,19.186,13.078,0.84
132.22,133.16,132.04,0,13.167,0,0.8
131.96,132.95,131.8,0,13.221,0,0.8
131.9,132.83,131.75,0,14.708,2.684,0.84
132.13,133.01,131.92,0,15.208,5.816,0.84
131.99,132.91,131.83,0,13.232,0,0.8
131.78,132.72,131.65,0,13.256,0,0.8
131.83,132.77,131.64,0,13.254,0,0.8
132.28,133.21,132.09,0,13.152,0,0.8
132.29,133.24,132.1,0,13.682,0,0.82
132.13,133.01,131.87,0,16.612,7.446,0.87
131.98,132.95,131.77,0,13.219,0,0.8
131.79,132.76,131.62,0,13.245,0,0.8
131.6,132.6,131.44,0,13.262,0,0.8
131.51,132.5,131.32,0,13.264,0,0.8
131.75,132.7,131.57,0,13.247,0,0.8
132.06,133.01,131.87,0,13.206,0,0.8
131.94,132.8,131.79,0,14.341,0,0.83
131.8,132.7,131.62,0,13.257,0,0.8
131.89,132.84,131.71,0,13.242,0,0.8
131.81,132.75,131.61,0,13.236,0,0.8
132.07,132.98,131.85,0,13.2,0,0.8
132.15,133.1,131.97,0,13.185,0,0.8
132.03,132.94,131.83,0,13.221,0,0.8
131.99,132.89,131.78,0,13.224,0,0.8
132.35,133.15,132.09,0,16.828,6.521,0.87
132.23,133.17,132.03,0,13.169,0,0.8
131.99,132.88,131.7,0,15.13,5.979,0.84
131.92,132.88,131.68,0,13.221,0,0.8
131.94,132.84,131.68,0,13.976,3.731,0.82
131.86,132.73,131.59,0,14.842,5.487,0.84
131.84,132.75,131.62,0,14.561,4.3,0.83
131.95,132.86,131.7,0,15.095,4.792,0.84
132.02,133,131.78,0,13.213,0,0.8
131.97,132.94,131.71,0,14.571,5.154,0.83
132.19,133.2,131.98,0,14.215,3.207,0.82
131.73,132.68,131.55,0,20.833,11.095,0.87
131.66,132.58,131.41,0,23.167,12.781,0.9
131.7,132.57,131.46,0,24.906,11.985,0.91
131.62,132.42,131.33,0,25.452,12.54,0.92
131.16,132.16,131.01,0,22.848,10.858,0.9
131.29,132.24,131.02,4.006,25.379,13.22,0.91
130.84,131.79,130.64,15.583,30.393,18.643,0.92
130.73,131.66,130.51,16.649,32.786,20.277,0.93
130.67,131.59,130.43,16.563,33.822,20.849,0.93
130.85,131.91,130.64,4.233,23.402,11.589,0.9
130.91,131.99,130.72,4.012,23.901,12.082,0.91
130.89,131.8,130.59,0,25.617,12.146,0.92
131.34,132.27,131.05,4.408,21.941,12.193,0.89
131.56,132.37,131.24,1.349,21.157,11.004,0.88
131.73,132.48,131.25,0,14.103,3.707,0.81
131.61,132.31,131.09,0,13.298,0,0.79
131.38,132.13,130.84,0,13.97,3.371,0.81
131.5,132.15,130.94,0,16.478,6.393,0.86
131.29,131.88,130.68,0,17.993,9.415,0.88
131.3,131.95,130.7,0,17.651,9.244,0.87
130.96,131.6,130.26,0,15.714,10.46,0.85
130.52,131.3,129.76,0,15.564,14.555,0.84
130.51,131.29,129.75,0,18.495,15.361,0.88
130.89,131.71,130.06,0,16.02,15.889,0.9
130.82,131.79,129.78,1.039,14.373,22.096,0.89
130.88,131.85,130.05,1.017,17.291,19.499,0.86
131.03,131.84,130.1,0,19.483,17.96,0.89
130.51,131.26,129.51,0,20.86,17.41,0.9
130.43,131.26,129.57,0,18.252,15.962,0.88
130.18,130.97,129.29,0,20.918,17.536,0.91
130.52,131.41,129.53,0,16.115,16.907,0.89
130.53,131.33,129.59,0,18.689,16.319,0.88
130.29,130.96,129.44,1.067,21.167,19.252,0.9
130.47,131.18,129.64,0,20.281,16.792,0.89
131.79,132.65,130.93,1.431,20.237,19.89,0.89
131.74,132.59,130.94,0,19.743,16.353,0.89
131.47,132.24,130.41,0,23.111,20.948,0.91
131.14,132.11,130.26,1.042,19.796,19.025,0.89
130.93,131.71,129.99,0,20.989,18.41,0.9
130.89,131.7,129.93,0,20.751,18.11,0.9
131.03,131.86,130.06,0,20.241,18.088,0.89
131.48,132.48,130.52,1.05,17.526,19.469,0.87
131.68,132.52,130.76,0,17.334,14.863,0.87
131.72,132.7,130.78,1.017,15.615,16.637,0.84
131.65,132.58,130.54,1.431,19.196,21.181,0.88
131.57,132.59,130.58,1.008,15.34,16.045,0.83
131.4,132.47,130.3,1.441,17.772,20.226,0.87
131.3,132.33,130.25,0.995,16.99,16.768,0.85
131.24,132.08,130.13,6.604,22.688,19.876,0.89
130.95,131.89,129.9,12.679,26.768,27.096,0.88
130.84,131.8,129.87,11.197,25.423,24.235,0.88
130.47,131.29,129.38,11.32,31.958,27.588,0.91
130.63,131.5,129.62,1.028,20.601,16.251,0.91
130.53,131.55,129.52,0,17.989,15.354,0.87
130.38,131.48,129.33,1.028,18.252,18.489,0.87
130.53,131.52,129.39,1.041,20.604,21.634,0.9
130.47,131.38,129.24,0.973,21.944,19.557,0.91
130.16,131.21,128.97,0.995,19.961,20.889,0.89
130.14,131.23,129.1,0,15.795,14.58,0.84
130.21,131.41,129.07,0,11.411,16.115,0.85
130.13,131.18,129.06,0,17.809,15.14,0.87
130.4,131.46,129.26,1.039,18.214,18.716,0.88
130.49,131.32,129.28,0,22.163,18.895,0.91
130.38,131.5,129.14,0.917,12.66,21.068,0.89
130.05,131.51,128.92,0.962,1.413,19.731,0.68
130.42,131.66,129.12,0.94,7.182,21.333,0.95
130.55,131.8,129.32,0.94,6.145,19.37,0.97
130.42,131.7,129.22,0,3.358,16.893,0.95
130.93,132.38,129.83,0.984,0,17.416,0.94
130.73,132.14,129.5,0.962,8.045,22.995,0.94
130.7,132.02,129.59,0,1.35,18.295,0.6
130.7,131.91,129.62,0,1.489,16.097,0.69
130.64,131.92,129.49,0.973,2.057,16.825,0.7
130.46,131.78,129.37,0,5.911,15.801,0.96
130.37,131.77,129.32,0.995,1.108,16.465,0.67
130.23,131.52,129.09,0,1.413,16.515,0.67
130.35,131.6,129.18,0,5.901,15.901,0.93
130.46,131.66,129.21,1.006,6.5,18.326,0.96
130.52,131.85,129.33,0,1.358,15.968,0.64
130.63,131.97,129.36,0,1.437,16.542,0.74
130.48,131.81,129.28,0,1.436,16.008,0.69
130.48,131.81,129.19,0.973,1.639,18.199,0.67
130.22,131.66,129.03,1.017,4.325,17.429,0.92
130.78,132.1,129.63,1.028,4.254,16.873,0.92
131.04,132.42,129.88,0.962,1.021,17.365,0.71
131.12,132.52,129.98,0,1.081,15.029,0.72
130.97,132.45,129.81,1.074,0.999,16.619,0.67
130.85,132.22,129.68,1.027,0.999,17.962,0.67
130.74,132.12,129.46,1.415,8.321,23.561,0.93
130.99,132.29,129.77,0.907,6.054,17.941,0.94
130.81,132,129.47,6.736,13.884,22.459,0.87
130.08,131.48,129.04,12.234,15.124,24.927,0.8
130.15,131.51,129.05,11.201,17.01,25.354,0.82
130.31,131.82,129.19,10.947,11.405,24.094,0.78
130.79,132.14,129.53,0,1.398,16.426,0.8
130.76,132.02,129.39,1.043,7.672,19.4,0.93
130.65,132.01,129.35,0.995,5.345,19.74,0.96
130.76,132.19,129.6,0,1.067,15.267,0.69
130.9,132.17,129.65,0,8.727,18.157,0.95
131.27,132.63,130.04,0,1.725,16.014,0.77
130.66,131.93,129.31,0,7.772,18.577,0.94
130.9,132.31,129.59,0,1.737,16.92,0.68
131.17,132.5,129.83,1.067,4.952,17.399,0.92
130.94,132.33,129.68,0,3.556,19.441,0.93
130.9,132.16,129.66,0,8.304,17.707,0.96
130.74,132.05,129.56,1.028,1.398,17.031,0.66
130.4,131.61,129.12,0,7.198,18.006,0.93
130.47,131.67,129.25,0,1.021,16.62,0.75
130.47,131.73,129.23,1.006,5.5,18.388,0.91
130.34,131.82,129.25,0.995,0.988,19.205,0.63
130.52,131.91,129.47,0.962,1.4,16.535,0.86
130.43,131.65,129.25,0,4.496,16.496,0.93
130.4,131.72,129.28,1.017,7.313,17.491,0.94
130.47,131.8,129.28,1.006,7.433,19.741,0.94
130.51,131.77,129.32,0,5.017,16.761,0.93
130.95,132.09,129.61,0,7.508,18.437,0.94
130.73,132,129.51,0,0,17.252,0.94
130.72,132.14,129.65,0,0,14.457,0.94
130.52,131.79,129.3,0,8.592,18.356,0.94
130.59,132.03,129.65,0.962,1.055,14.057,0.77
130.52,131.8,129.46,1.017,1.316,15.43,0.64
130.61,131.88,129.56,0,7.538,14.773,0.94
130.58,132.11,129.57,0.984,0.977,17.249,0.6
130.99,132.34,129.96,0.995,4.149,13.274,0.93
131.03,132.38,129.96,0.917,4.187,15.366,0.95
131.46,132.67,130.34,0,6.96,15.132,0.94
131.46,132.83,130.57,0,1.35,10.15,0.59
130.96,132.28,130.03,7.283,8.295,13.925,0.73
130.08,131.48,129.32,12.912,14.145,19.55,0.78
129.74,131.1,128.95,11.107,14.365,17.903,0.79
130.3,131.65,129.5,8.775,11.316,14.403,0.8
131.03,132.21,129.98,0,10.247,13.929,0.94
131.2,132.55,130.23,1.017,0.988,13.878,0.69
131.09,132.52,130.24,1.094,1.976,9.57,0.69
130.94,132.49,130.14,1.369,0.91,10.316,0.49
131.37,132.86,130.56,0,0,5.376,0.71
131.58,132.78,130.67,1.028,9.85,11.328,0.92
131.09,132.27,130.43,0,14.282,3.868,0.82
131.2,132.22,130.41,0,19.166,10.931,0.89
131.46,132.62,130.8,0.984,14.974,7.971,0.83
131.54,132.82,130.94,1.039,13.785,10.145,0.81
131.15,132.41,130.53,1.42,15.033,11.731,0.83
130.17,131.33,129.57,0,17.387,11.597,0.88
130.27,131.44,129.68,0,15.881,7.229,0.85
130.2,131.43,129.51,1.415,18.737,14.331,0.89
130.14,131.35,129.51,0,16.725,7.432,0.86
130.07,131.48,129.51,7.845,24.454,16.986,0.9
129.94,131.33,129.38,5.015,26.157,15.747,0.91
129.76,131.35,129.26,1.903,26.555,14.974,0.92
129.58,131.37,129.16,0,25.93,13.867,0.92
129.17,131.25,128.83,7.06,24.07,17.173,0.9
129.15,131.39,128.76,9.774,24.238,19.771,0.9
129.29,131.36,128.85,5.756,25.334,16.445,0.91
129.21,131.27,128.81,3.806,25.298,13.64,0.91
129.27,131.23,128.77,3.887,28.584,15.006,0.93
129.14,131.27,128.71,5.586,26.078,14.336,0.91
129.23,131.36,128.82,5.063,26.757,13.657,0.92
129.85,132.12,129.5,2.97,23.718,11.811,0.9
129.79,131.95,129.4,0,25.596,11.936,0.91
129.71,131.82,129.18,4.708,28.668,14.971,0.93
129.68,132.02,129.28,6.573,23.704,14.246,0.89
129.67,131.88,129.25,5.348,25.43,13.704,0.91
129.72,131.89,129.34,1.111,24.555,11.468,0.9
129.56,131.7,129.1,7.425,29.855,16.97,0.93
129.52,131.83,129.16,3.902,24.486,12.519,0.9
129.47,131.72,129.01,5.968,27.969,15.204,0.93
129.68,131.81,129.15,3.896,28.9,14.6,0.93
129.68,132,129.3,0,23.636,10.888,0.9
129.52,131.95,129.26,14.578,28.984,17.737,0.91
129.4,131.78,129.14,18.402,32.063,21.036,0.92
129.51,131.68,129.12,16.66,36.545,20.432,0.93
129.68,131.98,129.26,8.978,28.244,14.328,0.92
129.81,132.13,129.34,3.835,25.857,12.898,0.92
129.95,132.35,129.62,0,22.691,10.667,0.89
130.18,132.47,129.76,0,23.523,11.827,0.9
130.39,132.66,129.99,0,22.67,10.483,0.89
130.5,132.67,130.02,0,24.333,11.247,0.9
130.52,132.74,130.14,4.855,24.572,12.529,0.91
130.91,133.18,130.46,5.157,24.379,13.348,0.91
130.83,133.06,130.44,3.361,23.918,11.914,0.9
130.81,133.06,130.41,0.964,22.531,10.57,0.89
131.02,133.2,130.63,0,23.425,10.929,0.9
131.06,133.17,130.62,0,24.619,11.5,0.91
131.1,133.19,130.66,0,22.953,10.693,0.9
131.11,133.13,130.65,0,26.761,11.841,0.92
131.04,133.07,130.62,0,24.826,11.534,0.91
131.25,133.32,130.84,0,22.487,10.479,0.89
130.86,132.81,130.38,0,23.456,12.034,0.9
130.83,132.8,130.39,3.066,23.089,12.615,0.9
130.86,132.68,130.41,0,26.739,12.238,0.92
130.9,132.83,130.58,0,22.566,10.478,0.89
130.94,132.75,130.62,0,24.581,10.838,0.91
130.97,132.81,130.69,0,22.547,10.477,0.89
131.04,132.82,130.64,0,24.186,12.339,0.91
131.04,132.81,130.64,0,22.381,13.976,0.89
131.25,132.94,130.83,0,17.93,7.825,0.86
131.47,133.13,131.1,0,15.591,0.854,0.82
131.45,133.1,131.14,0,15.494,0,0.82
131.19,132.79,130.9,0,17.647,4.222,0.86
131.02,132.64,130.82,0,16.132,3.031,0.83
131.22,132.88,131.09,0,15.571,0,0.82
131.47,133.06,131.32,0,15.977,2.671,0.83
131.55,133.03,131.33,0,18.087,6.795,0.86
131.19,132.68,131.03,0,15.865,2.365,0.83
130.12,131.57,130.02,0,16.151,3.033,0.84
130.17,131.61,130.09,1.231,17.103,5.037,0.86
130.48,131.87,130.42,0,16.134,3.033,0.83
130.53,131.84,130.45,0,15.573,0,0.82
130.26,131.58,130.21,0,16.173,3.165,0.84
130.28,131.54,130.22,5.532,17.914,7.198,0.84
129.77,131.04,129.8,13.935,24.891,16.262,0.88
129.97,131.07,129.88,13.613,26.612,17.717,0.89
130.15,131.27,130.11,11.826,23.269,14.58,0.88
130.28,131.42,130.3,0,16.788,0,0.85
130.24,131.37,130.17,0,16.167,3.209,0.84
130.54,131.63,130.48,0,15.572,0,0.82
130.41,131.52,130.38,0,15.572,0,0.82
130.32,131.42,130.28,0,15.572,0,0.83
130.58,131.67,130.5,0,15.572,0,0.82
130.38,131.45,130.27,0,16.42,3.731,0.84
130.6,131.6,130.51,0,17.204,2.917,0.86
130.47,131.55,130.42,0,15.643,1.223,0.83
130.61,131.6,130.5,0,17.507,5.774,0.86
130.59,131.65,130.53,0,15.991,2.6,0.83
130.68,131.7,130.63,0,15.57,0,0.82
130.79,131.72,130.67,0,16.864,4.658,0.85
130.69,131.59,130.58,0,16.858,4.637,0.85
130.66,131.62,130.65,0,16.682,0,0.85
130.8,131.75,130.79,0,15.571,0,0.82
131.12,132.04,131.07,0,15.555,0,0.82
131.15,131.94,131,0,18.298,6.821,0.87
131.15,132.06,131.12,0,15.547,0,0.82
131.23,132.1,131.2,0,15.543,0,0.82
131.23,132.01,131.19,0,16.731,0,0.85
131.31,132.17,131.28,0,15.523,0,0.82
131.69,132.48,131.6,0,15.449,0,0.83
131.38,132.16,131.3,0,16.209,3.375,0.84
131.26,132.06,131.19,0,15.565,0,0.82
131.36,132.14,131.28,0,15.553,0,0.82
131.55,132.32,131.51,0,16.697,4.536,0.85
131.47,132.29,131.46,0,16.665,0,0.85
131.82,132.62,131.73,0,15.427,0,0.83
131.77,132.56,131.69,0,15.412,0,0.83
130.64,131.42,130.68,0,15.556,0,0.83
130.7,131.5,130.74,0,15.546,0,0.83
130.84,131.63,130.87,0,15.523,0,0.83
130.92,131.7,130.92,0,15.501,0,0.83
130.96,131.7,130.96,0,16.651,0,0.85
130.78,131.55,130.79,0,15.569,0,0.83
130.66,131.39,130.66,0,15.572,0,0.83
130.58,131.32,130.59,0,15.572,0,0.83
130.51,131.21,130.56,0,15.572,0,0.83
130.65,131.33,130.7,0,15.571,0,0.83
130.6,131.34,130.66,0,15.571,0,0.83
130.55,131.17,130.54,12.65,24.996,15.394,0.89
130.55,131.19,130.54,13.736,26.375,17.743,0.89
130.41,131.15,130.51,13.598,24.212,16.178,0.88
130.61,131.36,130.68,5.133,17.007,6.115,0.84
130.77,131.59,130.85,0.586,15.451,5.875,0.82
130.9,131.59,130.88,0,17.526,5.625,0.86
130.99,131.75,131.03,0,15.519,0,0.83
130.76,131.51,130.84,0,16.691,0,0.85
130.75,131.53,130.81,0,15.559,0,0.83
130.6,131.35,130.62,0,15.569,0,0.83
130.74,131.51,130.77,0,15.563,0,0.83
130.75,131.48,130.78,0,15.57,0,0.83
130.68,131.43,130.72,0,15.571,0,0.83
130.78,131.49,130.82,0,15.568,0,0.83
130.65,131.33,130.66,0,16.732,0,0.85
130.72,131.44,130.69,0,15.565,0,0.83
130.67,131.36,130.67,0,15.569,0,0.83
130.59,131.26,130.62,0,15.572,0,0.83
130.26,130.93,130.28,0,15.58,0,0.83
130.33,131.02,130.35,0,15.579,0,0.83
131.15,131.79,131.14,0,15.541,0,0.83
131.53,132.14,131.55,0,16.599,0,0.85
131.47,132.16,131.45,0,15.985,2.939,0.84
131.68,132.4,131.66,0,15.414,0,0.83
132.11,132.76,131.99,0,16.769,4.935,0.85
131.93,132.67,131.88,0,15.391,0,0.83
131.85,132.58,131.76,0,16.271,3.846,0.84
132,132.75,131.93,0,15.386,0,0.83
132.09,132.74,132,0,17.033,2.712,0.86
131.58,132.24,131.43,0,17.968,6.49,0.87
131.69,132.4,131.62,0,15.66,1.83,0.83
131.74,132.49,131.6,0,16.132,6.588,0.84
131.67,132.44,131.56,1.172,16.591,6.732,0.85
131.57,132.33,131.46,0,16.532,4.236,0.84
131.4,132.17,131.28,0,19.532,8.167,0.88
131.19,131.91,131.08,0,23.86,11.412,0.91
131.02,131.71,130.88,0,26.784,13.679,0.92
131.43,132.25,131.32,0,22.504,11.912,0.89
131.51,132.39,131.44,0,22.463,10.667,0.89
131.64,132.49,131.54,0,22.44,10.671,0.89
131.7,132.59,131.58,0,22.405,10.652,0.89
131.76,132.65,131.64,0,22.37,10.588,0.89
131.43,132.4,131.36,5.193,22.43,12.646,0.89
131.14,131.94,131.03,0,24.915,11.039,0.91
131.16,131.94,131.03,0,23.956,11.129,0.9
131.14,131.85,130.94,0,23.095,10.164,0.9
131.63,132.27,131.26,0,14.094,4.027,0.81
131.52,132.17,131.06,0.984,15.128,10.169,0.83
131.33,131.93,130.92,0.984,14.432,7.309,0.82
131.16,131.7,130.75,5.063,16.418,8.144,0.83
130.58,131.21,130.25,12.58,22.717,16.764,0.87
130.7,131.19,130.26,11.376,25.723,18.055,0.89
130.32,130.85,129.92,10.574,25.203,18.185,0.89
130.85,131.41,130.35,0.962,19.395,12.518,0.89
131.01,131.61,130.37,0,19.032,14.861,0.88
131.11,131.77,130.35,1.05,19.463,18.303,0.88
131.24,132.24,130.37,1.028,6.361,18.465,0.89
130.99,131.84,130.23,0,12.029,16.044,0.85
130.77,131.64,130.04,1.505,16.994,19.36,0.86
130.65,131.48,129.91,0.995,17.801,18.123,0.87
130.65,131.34,129.89,0,20.976,16.907,0.9
130.95,131.73,130.24,0,18.171,16.055,0.87
130.8,131.7,130.09,0,15.225,15.647,0.87
130.85,131.69,130.02,0,16.531,17.292,0.9
130.84,131.6,130.08,0,19.81,16.742,0.89
130.82,131.66,130.12,0,19.074,16.519,0.88
130.58,131.53,129.97,0,18.066,15.605,0.87
131.02,131.88,130.3,0,20.902,18.181,0.9
130.72,131.72,130.11,0,17.923,16.093,0.87
130.71,131.49,129.88,0,23.467,19.867,0.92
130.88,131.74,130.15,1.072,18.545,17.432,0.88
130.51,131.33,129.71,0,20.452,18.229,0.89
130.76,131.81,130.1,0.995,14.717,17.191,0.81
130.88,131.68,130,0,21.389,18.821,0.9
130.11,131.11,129.21,0.95,17.712,19.632,0.86
130.09,131.08,129.29,0,16.983,16.516,0.86
130.2,131.12,129.3,0,18.785,17.265,0.88
130.06,130.93,129.07,0.973,20.693,20.259,0.9
129.91,130.73,128.85,1.006,21.357,20.126,0.9
129.85,130.66,128.79,0,20.029,17.883,0.89
129.9,130.74,128.9,0,17.952,15.887,0.87
130.06,130.95,129.12,0,14.434,14.566,0.8
130.04,130.87,129.13,0,16.593,15.514,0.85
129.85,130.39,128.75,0,25.151,19.509,0.93
129.74,130.41,128.52,0,21.766,21.715,0.91
130.18,131.02,129.25,0.995,16.578,15.908,0.85
130.08,130.76,129.1,0,20.533,16.409,0.9
129.55,130.61,128.67,1.412,16.315,19.653,0.85
129.79,130.67,128.87,0,18.808,15.798,0.89
129.74,130.56,128.87,1.736,19.514,17.324,0.9
129.78,130.5,128.88,0,18.634,15.144,0.88
129.86,130.84,128.99,14.514,24.845,27.035,0.87
130.69,131.94,129.8,14.317,19.259,27.709,0.84
131.42,132.3,130.41,10.633,26.431,26.011,0.88
131.42,132.29,130.32,1.407,19.862,18.487,0.89
