IL1,IL2,IL3,PF
11.39,33.536,28.848,0.91
11.175,27.795,24.552,0.89
7.287,23.897,20.91,0.89
0,19.911,17.386,0.9
0,22.697,18.044,0.92
0,15.519,13.424,0.84
0,23.036,16.942,0.92
0,21.897,16.008,0.95
0,16.233,13.03,0.85
0,17.289,14.812,0.86
1.459,18.832,16.94,0.89
0,20.99,17.285,0.91
1.028,8.674,18.072,0.95
0,9.333,17.89,0.95
1.07,7.012,18.577,0.95
0,6.203,15.824,0.96
1.084,11.614,18.78,0.97
0,9.264,17.116,0.96
0,3.979,15.234,0.93
0,5.832,15.436,0.95
0.962,10.638,18.452,0.97
0.995,5.32,17.217,0.94
0,5.605,15.105,0.95
1.049,9.44,19.008,0.96
0,9.857,19.885,0.95
0,5.833,15.384,0.97
0.962,5.186,16.445,0.96
1.05,4.942,17.299,0.95
1.065,10.065,19.077,0.95
1.08,8.64,16.978,0.95
0,6.527,18.637,0.93
0,9.347,17.078,0.93
0.984,7.958,17.761,0.93
0,9.137,16.706,0.93
0,8.857,17.3,0.93
0,6.593,16.223,0.93
1.017,6.112,16.987,0.92
0,8.438,16.503,0.92
0,6.614,15.498,0.92
6.693,13.99,20.227,0.88
16.145,23.186,22.494,0.77
16.752,24.925,26.641,0.79
15.424,20.489,24.225,0.75
13.624,16.657,21.658,0.73
9.121,15.211,20.368,0.85
7.803,12.01,15.976,0.76
7.632,11.12,15.322,0.76
7.922,13.014,16.544,0.78
8.724,14.542,19.408,0.81
6.997,11.549,16.342,0.77
6.884,13.281,17.16,0.8
6.864,10.788,18.231,0.74
8.661,11.814,23.735,0.8
7.717,13.006,20.6,0.83
6.906,11.808,16.613,0.79
6.833,10.654,16.827,0.77
7.026,12.688,15.687,0.82
7.387,14.024,23.146,0.83
6.686,10.622,15.687,0.76
7.442,15.194,17.314,0.77
8.039,14.634,17.616,0.73
9.459,11.466,16.453,0.61
8.819,12.021,20.122,0.74
7.943,13.208,21.847,0.76
6.492,13.773,17.754,0.78
6.529,12.44,17.052,0.76
6.968,12.4,16.539,0.74
7.752,11.877,15.67,0.68
7.211,13.606,16.508,0.77
7.972,16.162,19.056,0.79
8.56,11.688,17.7,0.7
9.368,10.507,18.177,0.66
7.958,15.298,16.472,0.79
7.406,14.793,14.68,0.76
6.907,14.689,14.958,0.79
6.853,11.811,14.683,0.72
6.763,13.09,14.342,0.76
6.657,12.039,15.641,0.75
6.501,16.589,15.424,0.84
7.336,26.266,18.122,0.89
7.382,25.676,18.487,0.89
7.897,23.305,16.404,0.87
7.194,23.938,15.689,0.87
7.305,22.12,14.775,0.85
7.231,24.212,15.89,0.87
7.105,26.115,16.724,0.88
16.558,33.023,24.949,0.87
19.264,35.755,28.465,0.85
18.563,34.97,26.295,0.84
9.57,22.85,12.444,0.84
7.855,20.18,10.554,0.85
6.731,23.295,12.222,0.87
7.886,24.14,11.885,0.88
9.642,23.042,15.49,0.86
8.602,23.572,13.449,0.86
7.76,20.31,6.672,0.84
10.635,27.322,10.614,0.89
11.224,31.292,13.225,0.92
12.741,32.583,17.664,0.94
10.937,32.342,15.24,0.93
10.942,33.158,15.442,0.93
11.787,31.862,16.329,0.93
12.575,31.644,15.322,0.92
13.232,32.202,15.088,0.92
12.604,35.684,15.868,0.93
12.686,31.83,13.622,0.92
11.36,32.307,13.53,0.93
11.297,32.333,17.918,0.93
4.886,29.996,16.022,0.94
4.337,27.675,14.836,0.92
6.189,28.281,15.821,0.93
0,26.939,13.242,0.92
3.92,26.528,14.035,0.92
0,24.387,11.836,0.9
5.485,23.724,13.57,0.9
6.792,25.536,15.494,0.91
3.19,29.463,14.339,0.93
0,25.544,12.019,0.91
0,25.75,12.167,0.91
3.919,26.476,13.572,0.92
4.831,26.484,14.699,0.92
0,25.767,12.359,0.91
4.68,28.215,14.826,0.93
6.171,26.865,15.581,0.92
0,22.985,10.735,0.89
6.171,23.776,13.997,0.9
0,26.131,12.121,0.91
0,22.664,10.813,0.89
12.956,29.404,15.878,0.91
16.568,33.387,19.231,0.92
16.443,33.824,19.623,0.92
8.206,27.564,13.943,0.92
0,28.267,13.407,0.93
1.849,26.397,12.45,0.92
6.734,25.479,14.615,0.91
2.714,25.827,12.658,0.91
0,23.457,11.08,0.9
0,24.076,11.282,0.9
0,23.42,10.976,0.9
0,27.074,13.025,0.92
4.072,26.217,13.637,0.92
2.236,22.709,11.107,0.89
0,26.336,12.45,0.92
0,23.117,10.646,0.9
0,24.552,12.63,0.91
0,22.594,11.231,0.89
0,24.032,13.334,0.9
0,23.086,11.232,0.91
0,17.612,7.302,0.86
0,16.463,4.519,0.84
1.19,15.379,3.608,0.82
0,15.64,2.096,0.82
0,17.783,6.327,0.86
0,17.278,3.499,0.86
0,16.936,5.352,0.85
0,15.382,0,0.82
0,17.388,5.861,0.86
0,16.837,5.125,0.85
0,16.078,3.494,0.83
0,16.414,0,0.84
2.399,17.833,7.441,0.86
3.39,17.321,8.034,0.85
1.149,15.713,9.381,0.82
0,15.37,0,0.82
0,17.531,6.211,0.86
0,16.339,4.364,0.84
0,16.415,0,0.85
0,16.119,3.771,0.84
0,16.667,4.693,0.85
0,15.397,0,0.82
0,15.841,6.381,0.83
0,15.46,0,0.82
1.161,19.03,6.393,0.88
2.958,16.624,6.345,0.84
2.642,15.92,4.817,0.82
0,15.53,0,0.82
0,16.188,3.561,0.84
0,17.451,5.837,0.86
0,16.436,0,0.85
0,15.919,2.976,0.83
0,16.952,5.059,0.85
12.304,22.535,14.396,0.87
13.699,24.097,16.29,0.88
13.609,24.023,16.201,0.88
4.457,19.399,8.193,0.88
0,16.643,3.77,0.85
0,15.385,0,0.82
0,15.371,0,0.82
3.176,17.822,8.018,0.86
2.638,15.962,5.024,0.83
0,15.41,0,0.83
0,16.514,0,0.85
0,18.137,6.839,0.87
0,15.986,3.273,0.84
0,15.383,0,0.83
0,15.385,0,0.83
0,17.429,5.879,0.86
0,16.443,0,0.85
0,15.379,0,0.82
0,15.379,0,0.82
0,15.379,0,0.82
0,17.342,5.8,0.86
2.052,15.597,3.584,0.83
3.172,17.325,5.946,0.86
1.684,15.633,3,0.83
0,15.387,0,0.82
0,15.378,0,0.82
0,17.092,5.604,0.86
0,15.382,0,0.82
0,15.38,0,0.82
0,16.38,0,0.85
0,15.38,0,0.82
0,15.38,0,0.82
0,15.38,0,0.82
0,15.394,0,0.83
0,15.392,0,0.83
0,16.541,0,0.85
0,15.383,0,0.82
0,15.38,0,0.82
0,15.379,0,0.82
0,15.379,0,0.82
0,15.378,0,0.82
0,15.378,0,0.82
0,16.526,0,0.85
0,15.378,0,0.82
0,16.059,3.476,0.84
0,15.378,0,0.82
0,18.014,7.031,0.87
0,15.379,0,0.82
0,15.681,0,0.83
0,16.205,0,0.84
0,15.379,0,0.82
0,15.38,0,0.82
0,15.382,0,0.82
10.258,20.457,12.061,0.86
14.82,24.714,18.072,0.88
14.018,27.924,18.679,0.9
8.402,21.107,14.143,0.87
0,15.997,7.093,0.83
0,17.976,11.138,0.86
0,22.559,12.524,0.91
0,19.669,11.425,0.89
0,19.687,12.897,0.89
0,23.04,12.178,0.92
0,20.351,11.404,0.9
0,19.78,11.099,0.89
0,19.755,11.076,0.89
0,19.748,11.046,0.89
1.222,20.156,13.93,0.89
0,21.644,11.343,0.91
1.709,21.789,15.001,0.91
0,19.891,11.295,0.89
0,17.253,8.826,0.86
0,14.886,5.054,0.83
2.298,14.907,9.222,0.83
2.038,13.606,7.807,0.8
1.05,15.282,4.113,0.85
0,13.931,2.918,0.81
0,13.711,2.169,0.8
0,20.267,12.101,0.9
0,19.197,12.954,0.89
0,16.883,12.891,0.86
1.017,19.389,15.969,0.89
0,20.268,20.567,0.9
1.067,20.252,17.72,0.9
0,18.816,16.34,0.89
0,18.778,15.575,0.93
0,17.782,14.428,0.87
0,16.83,14.129,0.85
0,16.86,14.442,0.85
0,16.375,13.826,0.85
1.083,18.357,17.201,0.88
0,17.996,13.904,0.88
1.08,15.56,16.892,0.83
0,19.561,16.387,0.89
0,20.023,16.292,0.9
0,17.759,15.603,0.87
0,15.138,12.376,0.83
0,14.82,12.911,0.82
10.671,23.625,21.595,0.87
12.826,30.107,28.534,0.9
11.192,25.996,23.111,0.9
6.651,21.633,19.771,0.89
0,16.512,15.762,0.85
0,18.486,15.919,0.88
0,24.131,18.399,0.93
0,18.868,15.325,0.89
0,22.128,15.887,0.92
0,18.556,15.11,0.88
0,20.614,16.6,0.9
0,19.269,15.431,0.88
1.062,23.119,22.002,0.91
0.973,20.15,19.938,0.89
1.421,19.197,19.307,0.89
0,15.734,13.492,0.84
0,17.868,14.85,0.87
0.984,23.107,23.459,0.92
0,22.75,20.28,0.91
0,24.059,17.739,0.93
1.028,17.929,20.984,0.88
0,18.004,15.142,0.88
0,13.184,16.962,0.9
0.917,2.497,16.451,0.88
0,0,14.28,0.76
0,1.451,13.899,0.63
0,6.733,16.904,0.97
0,18.202,16.152,0.87
0,3.696,14.301,0.82
1.05,6.718,15.959,0.94
0,6.541,14.79,0.91
0,11.576,13.327,0.8
1.039,1.497,15.743,0.72
1.05,6.434,18.132,0.94
1.812,0.977,17.779,0.6
0,1.468,15.006,0.78
1.039,2.247,16.664,0.94
0.962,8.814,17.218,0.93
0,6.011,20.763,0.95
0,1.397,15.337,0.68
0,1.452,15.592,0.68
0,1.468,13.99,0.74
1.407,7.769,23.158,0.94
0,1.413,18.035,0.72
0,2.384,15.586,0.82
12.844,17.032,25.978,0.83
11.21,15.349,23.729,0.79
11.387,17.325,25.568,0.82
0,6.666,21.429,0.94
0,1.777,15.573,0.75
0,1.509,15.167,0.71
0,1.021,14.279,0.73
1.028,9.157,21.925,0.95
0.962,5.932,17.938,0.93
1.013,1.409,21.875,0.61
0,2.136,16.449,0.9
0.995,3.207,16.356,0.85
0,5.299,14.622,0.95
1.469,2.546,18.65,0.9
1.06,1.043,17.174,0.74
0,6.152,19.626,0.96
0.984,8.724,25.686,0.95
1.017,4.645,20.351,0.91
0.962,4.135,18.139,0.92
1.017,1.75,18.906,0.63
0,1.514,18.367,0.67
0,9.741,17.972,0.94
0.94,5.306,16.736,0.93
0,1.069,14.237,0.66
1.446,4.676,15.221,0.92
1.006,8.204,19.991,0.94
1.401,7.116,17.063,0.96
0,2.829,14.183,0.89
0,8.297,17.256,0.94
1.017,1.358,17.137,0.71
0,0,13.925,0.69
1.028,0,15.133,0.72
0,0,15.166,0.75
1.415,1.382,19.329,0.68
1.511,7.085,20.591,0.91
0.962,1.389,15.18,0.66
0,1.032,14.482,0.76
0.94,2.938,14.538,0.85
1.05,7.134,13.765,0.9
1.061,9.769,16.188,0.93
0,6.142,15.376,0.88
0,5.971,13.903,0.9
0,7.091,13.816,0.89
8.604,19.131,22.367,0.84
12.139,16.021,20.448,0.74
11.748,20.32,21.832,0.82
6.501,12.361,14.994,0.81
0,6.149,7.906,0.88
1.061,7.184,10.534,0.89
0.984,6.037,11.681,0.89
1.028,6.925,10.41,0.89
0,14.944,8.797,0.9
1.039,19.755,12.603,0.89
0,17.86,13.381,0.87
0,17.549,10.531,0.87
0,19.358,9.823,0.89
0,15.729,4.912,0.85
1.017,15.291,7.595,0.84
0,17.316,10.214,0.87
1.724,15.232,8.436,0.83
1.738,17.54,14.555,0.88
0,18.023,11.167,0.88
1.245,23.261,14.197,0.89
7.979,24.714,18.89,0.91
7.744,24.66,17.961,0.9
4.341,24,14.963,0.9
2.752,26.364,15.301,0.92
7.215,25.316,17.649,0.91
0,26.813,12.903,0.92
0,27.509,12.435,0.92
0,24.623,11.69,0.9
0,26.062,12.316,0.92
0,25.095,11.899,0.91
2.63,24.265,12.071,0.9
7.781,25.414,16.147,0.91
0,28.653,13.181,0.93
5.458,26.987,14.474,0.92
0,26.353,12.787,0.91
0,24.207,11.606,0.9
0,26.269,12.491,0.92
10.523,26.847,15.941,0.9
17.484,34.951,21.537,0.93
17.574,34.669,21.477,0.93
13.806,32.335,19.157,0.92
5.645,26.425,14.571,0.92
1.787,27.27,12.834,0.92
1.98,26.637,12.743,0.92
0,26.923,12.515,0.92
0,25.724,11.526,0.91
0,25.235,11.819,0.91
5.408,24.01,13.4,0.9
0,23.144,10.966,0.89
0,23.347,11.044,0.9
1.509,23.157,11.105,0.9
1.281,24.613,11.678,0.91
0,25.443,11.454,0.91
5.19,23.604,13.099,0.9
3.654,24.037,12.411,0.9
0,25.826,12.09,0.92
1.81,24.501,11.738,0.91
0,23.586,11.256,0.9
0,25.146,11.338,0.91
3.979,23.851,12.619,0.9
0,23.124,10.804,0.9
2.698,25.414,12.765,0.91
0,23.754,11.372,0.9
0,26.208,13.253,0.92
0,22.476,10.857,0.89
5.103,24.17,13.343,0.91
0,20.354,13.403,0.88
0,15.44,0,0.82
0,16.596,4.803,0.84
0,16.696,4.92,0.84
0,15.396,0,0.82
1.127,16.416,5.814,0.84
0,16.007,3.035,0.83
0,15.379,0,0.82
1.186,16.101,8.449,0.83
0,15.365,0,0.82
0,17.038,5.717,0.85
0,15.665,2.281,0.82
0,16.452,0,0.84
0,15.378,0,0.82
0,15.381,0,0.82
0,16.538,4.663,0.84
0,15.374,0,0.82
1.127,15.971,6.869,0.83
0,16.135,4.534,0.84
0,17.272,4.299,0.86
7.015,17.894,8.094,0.84
13.862,24.597,16.665,0.89
13.561,24.507,16.595,0.88
10.626,21.527,13.164,0.87
0,15.899,3.088,0.83
0,16.411,0,0.85
0,15.208,0,0.82
0,15.302,0,0.82
0,15.247,0,0.83
0,15.313,0,0.82
0,15.359,0,0.82
0,15.357,0,0.82
0,17.303,3.951,0.86
0,15.338,0,0.82
0,15.363,0,0.82
0,15.949,3.321,0.84
0,17.414,5.922,0.86
0,16.023,3.676,0.84
0,15.257,0,0.83
0,16.454,0,0.85
0,16.004,3.52,0.84
0,15.339,0,0.82
0,15.35,0,0.82
0,15.307,0,0.83
0,15.372,0,0.82
1.179,15.378,11.815,0.82
0,16.45,5.674,0.85
0,15.343,0,0.82
0,15.371,0,0.82
0,15.375,0,0.82
0,15.372,0,0.82
0,15.363,0,0.82
2.537,16.196,4.475,0.84
3.024,16.397,5.053,0.84
1.141,15.444,1.954,0.82
0,15.315,0.528,0.82
0,15.308,0,0.82
0,15.372,0,0.82
0,15.378,0,0.82
0,16.173,0,0.84
0,15.767,0,0.83
0,15.379,0,0.82
0,15.379,0,0.82
0,15.38,0,0.83
0,19.597,9.209,0.89
0,15.366,0,0.82
1.182,15.892,5.539,0.84
0,16.072,0,0.84
0,15.38,0,0.83
1.998,15.572,3.523,0.82
2.767,15.653,8.033,0.83
0,15.521,4.137,0.82
12.806,22.777,15.495,0.87
13.762,24.013,16.843,0.88
13.598,25.054,16.646,0.89
4.353,16.817,5.97,0.84
0,16.952,5.19,0.85
0,15.351,0,0.82
0,15.365,0,0.82
0,15.285,0,0.82
0,15.226,0,0.82
0,16.405,0,0.85
0,15.235,0,0.83
0,15.226,0,0.83
1.196,15.328,5.405,0.82
0,15.373,0,0.82
0,15.369,0,0.83
1.116,16.575,4.933,0.85
2.5,17.196,5.092,0.86
1.902,15.441,3.165,0.82
0,15.234,0,0.83
0,15.595,2.359,0.83
0,15.333,0,0.82
0,15.359,0,0.82
0,17.162,4.228,0.86
0,23.097,9.449,0.91
0,23.289,12.379,0.9
0,24.354,11.752,0.91
6.138,23.756,14.375,0.9
8.83,24.346,16.882,0.91
0.553,23.889,11.668,0.9
0,22.502,11.055,0.89
0,23.71,10.916,0.9
0,25.308,12.135,0.91
0,22.446,10.858,0.89
0,23.087,10.98,0.9
2.198,16.98,7.375,0.85
0,13.088,0,0.79
0,13.977,3.987,0.81
0,14.142,0,0.82
0,13.79,2.917,0.81
0,14.347,4.667,0.82
0,17.692,12.27,0.87
0,16.214,12.825,0.86
0,16.894,13.289,0.86
1.028,17.579,17.735,0.86
0,17.785,16.31,0.86
1.017,16.125,15.974,0.88
0.928,22.257,21.028,0.91
0,17.867,14.541,0.87
7.632,18.415,19.459,0.85
11.211,31.026,25.264,0.9
12.353,24.55,23.128,0.86
8.483,24.217,21.559,0.88
0,18.003,16.545,0.87
0.862,23.184,19.103,0.91
1.006,16.095,14.088,0.84
1.422,19.793,19.514,0.89
1.05,16.141,14.737,0.84
0,17.011,14.649,0.86
0,16.643,14.422,0.85
0,18.133,14.919,0.87
1.006,19.645,16.695,0.88
0,18.742,18.778,0.88
0,21.319,18.418,0.9
0,21.169,18.028,0.9
0,17.506,15.16,0.87
0,18.482,15.672,0.88
1.017,17.87,17.186,0.87
0,18.243,15.596,0.87
1.061,20.105,20.581,0.89
0.873,15.972,17.41,0.84
0,18.646,17.814,0.87
1.006,18.805,15.826,0.88
2.047,15.546,17.627,0.82
0,16.031,14.224,0.83
0,16.757,18.347,0.85
0,18.002,15.988,0.87
0.984,17.894,18.319,0.87
0,18.79,15.969,0.88
0,20.135,17.068,0.89
0,15.384,13.567,0.82
1.017,16.495,14.026,0.85
0.995,16.151,15.682,0.84
0,17.109,15.285,0.85
0.95,9.829,16.384,0.8
0.94,1.108,16.282,0.68
1.017,7.652,18.388,0.96
0,8.847,15.721,0.97
0.917,10.015,17.28,0.86
0,16.446,15.143,0.86
0.962,9.458,18.763,0.91
1.006,17.237,17.834,0.86
1.699,15.693,16.39,0.83
1.029,17.061,13.794,0.86
1.344,14.54,16.05,0.83
0,7.184,20.03,0.95
0.917,1.445,15.771,0.65
6.886,8.009,18.573,0.76
13.55,18.282,26.634,0.87
11.816,17.313,25.347,0.84
8.132,15.796,22.874,0.87
0,1.374,14.97,0.66
0.984,1.064,17.972,0.69
0,8.264,18.067,0.94
0.973,1.522,16.361,0.67
1.385,16.975,17.561,0.89
0.995,14.24,17.523,0.84
0,1.222,15.825,0.78
0.984,5.983,15.505,0.79
0.917,18.878,16.857,0.89
0,17.108,15.12,0.86
0,11.827,16.165,0.87
0.917,1.956,17.288,0.9
1.006,7.819,19.797,0.94
0,6.548,16.704,0.94
1.017,7.223,20.049,0.95
0,8.114,17.744,0.95
0,5.468,14.229,0.97
0.984,0.999,16.791,0.59
0,5.594,15.514,0.94
0,2.455,16.683,0.92
0,1.862,15.391,0.71
0.984,1.935,16.74,0.82
1.006,7.644,16.739,0.96
0,7.487,15.409,0.96
0.984,3.059,16.771,0.96
0.984,7.211,18.627,0.94
0.984,1.423,16.332,0.62
0,1.749,17.287,0.66
0,5.956,15.288,0.96
0,5.513,16.549,0.93
0,1.452,15.789,0.72
0,11.98,14.374,0.87
0,1.713,15.059,0.75
1.039,2.357,19.905,0.79
0,7.274,15.896,0.95
1.37,1.01,20.106,0.67
0,1.501,17.438,0.71
0.984,8.733,18.96,0.94
0.94,1.469,14.83,0.67
0.94,6.908,17.089,0.94
0.984,1.797,18.407,0.78
1.017,1.429,15.946,0.7
8.28,12.764,20.469,0.81
12.615,16.559,24.451,0.81
13.39,16.221,24.63,0.8
6.508,10.533,18.996,0.84
0.95,5.755,13.572,0.97
0,1.483,12.171,0.7
0,2.066,12.785,0.67
0,8.769,14.705,0.94
1.006,1.444,12.854,0.68
0,1.367,9.925,0.66
0,8.442,13.563,0.94
0,4.786,11.973,0.97
0,0.977,9.145,0.65
1.362,1.079,13.073,0.66
1.376,12.405,18.732,0.93
0,17.285,11.077,0.88
0,17.471,9.464,0.88
0,16.179,6.929,0.86
0,18.12,10.933,0.88
0,17.123,9.561,0.87
1.43,16.383,11.184,0.86
1.36,17.046,12.317,0.87
0.973,20.126,14.672,0.9
1.415,18.431,12.832,0.89
6.846,23.451,17.76,0.9
0,27.216,15.406,0.92
3.983,24.664,15.293,0.91
4.68,25.186,16.109,0.91
3.676,26.496,16.69,0.92
0,26.379,14.951,0.92
3.956,28.394,16.274,0.93
6.933,24.911,17.242,0.91
0,25.443,12.457,0.91
5.562,28.616,16.018,0.93
0,25.584,12.308,0.91
5.707,27.897,15.586,0.93
4.449,29.16,15.503,0.93
6.822,27.139,15.859,0.92
0,26.191,12.566,0.91
0,25.347,12.186,0.91
14.783,31.57,19.856,0.92
18.489,34.746,23.808,0.93
16.988,31.981,19.962,0.92
7.373,29.533,15.098,0.93
0,26.761,12.064,0.92
5.687,24.845,13.984,0.91
8.046,25.166,16.312,0.91
5.947,23.923,13.881,0.9
0,24.969,12.023,0.91
0,26.884,12.855,0.92
0,26.119,12.351,0.92
7.489,26.802,15.883,0.92
3.042,27.258,13.499,0.92
0,23.148,11.067,0.89
3.723,27.46,13.825,0.93
0,24.593,11.673,0.9
0,25.359,12.067,0.91
0,23.673,11.211,0.9
5.883,23.508,13.362,0.9
5.068,23.399,13.1,0.9
9.138,24.852,17.404,0.91
2.899,24.24,12.163,0.9
0,24.328,11.595,0.9
0,23.755,11.363,0.9
0,23.92,10.898,0.9
0,23.343,11.042,0.89
0,24.029,11.435,0.9
0,24.638,11.711,0.91
0,26.861,12.883,0.92
4.701,25.046,13.551,0.91
0,25.88,13.512,0.91
0,23.846,10.961,0.9
3.247,24.285,12.584,0.9
0,23.677,14.056,0.9
0,22.852,12.593,0.9
1.083,17.012,8.088,0.84
0,15.441,0,0.81
0,16.998,5.394,0.84
0,16.998,2.442,0.85
1.105,15.934,4.934,0.82
0,15.837,2.724,0.82
0,17.916,7.012,0.86
0,15.838,3.174,0.82
0,16.17,3.801,0.83
1.902,16.779,5.903,0.84
2.579,18.685,7.53,0.87
0,16.031,3.169,0.83
10.017,22.194,13.208,0.87
13.475,24.259,16.126,0.88
14.831,24.27,17.757,0.88
8.545,20.363,11.07,0.86
0,15.42,0,0.82
0,16.567,0,0.85
0,17.676,6.354,0.86
0,16.064,3.587,0.83
0,15.379,0,0.82
0,15.382,0,0.82
0,18.352,7.542,0.87
2.36,16.033,4.839,0.83
2.347,16.812,3.963,0.85
0,15.39,0,0.82
0,16.466,4.379,0.84
0,15.96,3.186,0.83
2.308,15.527,3.88,0.82
0,15.377,0,0.82
1.206,15.351,6.647,0.82
0,16.534,0,0.85
0,16.67,5.004,0.84
0,15.509,1.573,0.82
0,15.873,3.107,0.83
0,15.341,0,0.82
1.149,15.444,2.084,0.82
2.862,15.846,5.218,0.82
1.183,16.623,2.141,0.85
0,15.403,0,0.82
0,15.396,0,0.82
1.127,16.325,4.48,0.84
0,16.029,3.464,0.83
2.332,15.462,3.797,0.82
0,15.379,0,0.82
0,16.55,0,0.85
0,15.379,0,0.82
0,15.379,0,0.82
0,15.395,0,0.82
2.233,16.527,5.551,0.84
2.232,15.748,3.884,0.82
0,15.512,1.254,0.82
0,16.551,0,0.85
0,15.378,0,0.82
0,15.371,0,0.82
0,15.361,0,0.82
0,15.341,0,0.82
0,17.599,6.409,0.86
0,15.372,0,0.82
0,16.502,0,0.85
0,15.375,0,0.82
0,15.38,0,0.82
0,16.125,3.714,0.84
1.956,15.925,5.382,0.83
11.687,22.162,15.146,0.87
14.291,24.31,17.938,0.88
13.713,25.177,17.005,0.89
8.222,18.829,10.222,0.85
0,15.28,0,0.82
0,15.341,0,0.82
0,15.328,0,0.82
0,15.31,0,0.82
0,15.322,0.583,0.82
0,16.429,0,0.85
0,15.345,0,0.82
0,15.346,0,0.82
0,15.368,0,0.82
1.689,15.376,7.997,0.82
0,16.416,4.404,0.84
0,15.377,0,0.82
2.507,17.576,7.681,0.86
2.336,15.55,7.201,0.82
0,15.356,0,0.82
0,15.93,3.247,0.83
0,15.334,0,0.82
0,15.825,3.254,0.83
0,18.185,7.341,0.87
0,16.233,0,0.84
0,15.357,0,0.82
0,17.656,6.473,0.86
0,15.379,0,0.82
0,15.379,0,0.82
1.127,20.339,11.043,0.87
0,23.067,11.14,0.9
0,23.422,12.188,0.9
2.807,23.136,12.924,0.9
0,23.421,11.362,0.9
0,23.091,11.172,0.9
0,22.495,10.857,0.89
0,23.754,11.442,0.9
0,22.481,10.856,0.89
6.265,28.359,16.73,0.93
0,22.494,10.857,0.89
0,22.478,10.702,0.89
0,15.377,0,0.84
0,15.372,0,0.84
1.092,13.841,4.651,0.81
0,14.045,7.069,0.82
1.077,15.129,3.989,0.85
1.762,13.919,4.737,0.81
0,17.307,9.064,0.87
0.984,16.338,10.106,0.86
0,13.812,3.814,0.81
6.765,18.321,11.549,0.85
11.498,21.696,22,0.87
11.191,22.626,23.278,0.88
10.309,19.623,21.299,0.87
0,7.246,16.855,0.97
0,11.238,11.56,0.8
0,16.405,11.666,0.85
0.94,16.654,12.362,0.85
1.441,20.685,19.645,0.9
1.373,18.744,16.909,0.88
1.039,22.869,16.072,0.92
1.337,16.699,15.95,0.85
0.94,16.615,13.495,0.85
0,19.503,14.422,0.89
0,17.209,12.675,0.86
0,17.341,12.946,0.86
1.017,17.061,13.28,0.87
0,15.545,11.81,0.84
0,15.523,11.743,0.84
0,18.085,13.491,0.88
0.984,16.428,14.161,0.86
0,17.16,13.279,0.87
1.487,15.304,12.616,0.83
0,22.534,15.546,0.92
0,18.065,13.786,0.88
1.057,17.702,13.584,0.87
0,17.942,12.889,0.88
0,13.856,15.04,0.92
0,19.252,11.997,0.9
0,16.107,10.471,0.86
7.955,20.549,16.072,0.87
12.342,24.449,21.355,0.88
11.759,28.463,23.947,0.89
9.31,23.064,19.761,0.88
0.962,20.543,15.38,0.9
0,17.79,11.752,0.87
0.95,16.08,13.671,0.85
0.984,15.816,13.216,0.84
0,18.012,15.284,0.89
0,5.836,11.73,0.87
0,12.657,11.935,0.88
0,4.886,14.721,0.95
0,5.446,14.405,0.98
0,0.932,11.519,0.57
1.061,6.439,13.599,0.95
0,8.097,14.746,0.95
0,18.501,14.088,0.9
0,17.881,13.67,0.88
0,19.2,15.44,0.89
0,18.922,14.763,0.9
1.438,1.049,17.245,0.67
0,2.769,13.944,0.89
0,5.88,14.239,0.93
0,4.266,13.078,0.93
0,0,11.229,0.78
0.962,1.382,13.802,0.63
0.973,0.999,15.428,0.73
0.907,1.043,15.968,0.77
0,7.268,15.402,0.95
0,1.517,13.498,0.74
0,1.397,12.021,0.65
1.05,6.957,17.378,0.94
1.048,1.443,15.015,0.68
0,1.667,13.354,0.68
1.028,7.299,19.03,0.94
0.973,1.635,15.939,0.68
0,5.28,13.283,0.97
0,2.553,12.818,0.84
0,3.049,12.904,0.86
0,1.032,13.488,0.66
1.423,8.729,16.824,0.95
0.984,2.026,19.048,0.96
1.046,1.439,13.399,0.71
1.43,2.547,17.532,0.87
0.907,7.986,19.438,0.94
0,0.899,12.62,0.51
12.893,18.171,26.777,0.84
10.964,16.048,23.433,0.8
11.451,21.025,26.318,0.86
0.973,6.185,13.511,0.97
1.006,9.294,18.143,0.96
1.399,3.055,15.234,0.89
1.046,7.069,15.938,0.95
1.021,1.319,14.549,0.7
0,1.622,10.799,0.66
0,6.039,11.923,0.92
0.962,8.54,13.773,0.97
1.407,8.917,18.954,0.96
0,13.94,11.708,0.86
1.415,9.262,15.322,0.93
0,1.719,17.782,0.69
0,5.399,16.477,0.95
0.95,2.926,13.309,0.89
0.973,5.95,15.79,0.97
1.032,1.411,14.075,0.64
0,8.748,13.826,0.94
0.995,1.822,7.122,0.66
0,8.48,10.537,0.95
0,1.681,9.178,0.74
1.061,5.016,11.745,0.94
0.995,1.649,8.735,0.63
1.017,1.397,12.069,0.7
1.028,1.736,11.198,0.7
0,1.351,10.804,0.64
1.045,0.877,12.77,0.68
0,4.051,4.653,0.92
0,10.32,13.303,0.96
0,0.954,9.542,0.63
1.039,1.513,10.447,0.73
0,2.372,4.179,0.83
0.984,3.014,9.895,0.94
0,7.034,12.089,0.95
1.039,1.653,7.505,0.72
0,3.71,6.292,0.94
10.408,25.437,18.74,0.88
11.299,24.912,18.17,0.88
13,25.427,20.236,0.88
1.017,15.32,8.414,0.84
0.995,16.031,7.461,0.86
0,16.213,5.798,0.86
1.039,16.049,9.645,0.85
0,13.924,3.718,0.81
0,13.379,2.204,0.79
0.973,17.003,8.368,0.87
0,18.197,13.542,0.87
6.67,27.059,16.658,0.92
4.521,25.541,13.173,0.91
1.959,27.145,13.011,0.92
3.963,23.127,12.231,0.89
4.395,24.555,13.1,0.9
5.056,24.735,13.582,0.9
6.494,23.57,14.271,0.89
6.937,26.479,15.981,0.91
2.24,27.955,13.085,0.92
0,24.312,11.686,0.9
0,23.2,11.053,0.89
0,24.739,11.619,0.9
0,26.094,12.04,0.91
0,24.141,11.283,0.9
0,25.399,11.773,0.91
6.143,26.723,14.831,0.92
11.797,30.199,17.611,0.92
17.565,34.377,21.952,0.92
16.284,31.887,18.657,0.92
11.418,28.278,15.232,0.91
0,23.673,10.971,0.89
3.77,23.923,12.325,0.89
6.41,28.294,15.599,0.93
7.023,23.626,14.338,0.9
8.211,24.47,16.079,0.9
0,24.821,11.636,0.9
0,23.513,10.989,0.89
0,28.574,13.926,0.92
5.442,24.633,13.643,0.9
5.722,24.866,13.816,0.91
0,23.167,10.503,0.89
3.77,25.386,13.927,0.91
0,22.474,10.541,0.89
2.056,26.051,12.452,0.91
6.33,23.645,14.15,0.9
0,24.454,11.228,0.9
0,22.684,10.539,0.89
4.027,23.873,11.703,0.9
7.497,28.533,14.536,0.92
16.398,32.163,18.662,0.92
16.281,33.714,19.634,0.93
14.756,29.885,16.968,0.92
5.257,23.065,12.731,0.89
4.064,24.918,12.539,0.91
0,26.428,11.459,0.92
0,22.708,10.511,0.89
4.091,24.223,12.999,0.9
0,24.325,11.015,0.9
0,22.204,10.206,0.89
0,17.189,5.246,0.85
0,16.105,2.714,0.82
0,16.75,3.085,0.84
0,16.095,2.978,0.82
1.149,15.578,5.185,0.81
0,15.899,7.12,0.82
0,17.722,6.382,0.85
1.083,16.407,6.243,0.83
0,16.113,3.46,0.83
2.011,18.091,5.967,0.86
2.547,16.928,6.434,0.84
1.083,16.823,5.255,0.84
0.542,15.727,2.886,0.82
2.335,17.935,9.418,0.86
0,16.6,4.586,0.84
0,15.704,0,0.82
0,16.856,0,0.85
1.094,16.466,11.497,0.84
0,17.531,5.814,0.85
0,16.794,4.178,0.84
0,16.266,3.155,0.83
0,16.837,4.665,0.85
2.005,16.642,5.15,0.84
2.684,17.282,4.966,0.85
0,16.671,4.281,0.84
0,16.196,2.992,0.84
0,16.445,3.514,0.84
0,15.65,0,0.82
2.342,15.667,3.497,0.82
0,15.746,0,0.82
0,15.756,0,0.82
0,17.381,2.771,0.86
5.729,17.398,6.348,0.83
13.54,24.474,15.795,0.88
13.556,24.508,15.811,0.88
11.87,23.415,14.463,0.88
2.794,16.258,5.299,0.83
1.105,16.209,3.279,0.83
0,16.926,0,0.85
0,16.056,2.758,0.83
0,16.582,4.011,0.84
0,16.116,2.961,0.84
2.38,15.751,3.846,0.83
0,15.642,0,0.83
0,15.629,0,0.83
0,15.92,2.221,0.83
0,17.633,3.777,0.86
0,16.164,3.025,0.84
0,15.594,0,0.83
1.966,15.817,3.659,0.83
2.005,15.955,3.828,0.83
1.564,15.808,2.855,0.83
0,15.602,0,0.83
0,15.582,0,0.83
0,16.769,0,0.85
0,15.575,0,0.83
0,15.573,0,0.83
0,17.059,4.753,0.85
0,16.829,4.084,0.85
0,15.733,0,0.82
1.172,16.5,5.797,0.84
0,17.857,4.233,0.87
0,15.625,0,0.83
0,15.573,0,0.83
1.105,15.776,3.206,0.83
2.009,16.138,5.221,0.84
1.636,16.64,5.576,0.84
2.063,16.243,5.337,0.83
1.696,16.656,3.379,0.85
1.105,15.611,2.42,0.83
0,15.492,0,0.83
0,15.56,0,0.82
0,15.558,0,0.82
0,15.546,0,0.82
0,15.566,0,0.82
0,15.568,0,0.82
0,16.709,0,0.85
1.186,15.771,3.151,0.83
7.467,19.371,10.059,0.85
14.358,25.627,18.003,0.88
15.424,24.898,18.899,0.88
11.154,22.175,14.273,0.87
1.983,15.91,4.746,0.83
0,16.721,0,0.85
0,16.654,4.363,0.85
0,15.856,2.211,0.83
1.105,16.178,5.977,0.84
0,16.466,3.921,0.84
0,16.185,3.283,0.84
0,15.544,0,0.82
0,15.54,0,0.82
0,17.435,5.813,0.86
0,16.76,0,0.85
0,18.329,8.157,0.87
0,19.367,12.055,0.91
1.116,17.301,12.766,0.88
1.628,19.111,11.685,0.9
1.54,20.583,13.923,0.91
0,19.829,11.581,0.91
2.228,20.422,11.838,0.91
0,18.206,10.891,0.89
0,21.156,12.298,0.92
0,19.06,11.27,0.9
0,17.273,10.447,0.88
0,17.288,10.284,0.88
0,17.009,10.283,0.87
0,15.354,8.434,0.84
0,14.42,0,0.83
0,14.364,4.121,0.82
0,15.063,5.382,0.84
0,13.267,0,0.8
2.029,15.005,12.104,0.83
1.48,13.366,4.73,0.8
0.995,14.331,6.185,0.83
0,17.294,9.358,0.88
1.006,7.49,7.255,0.86
0,11.434,5.819,0.85
0,0.944,6.986,0.61
0,11.254,0,0.8
0,14.578,4.857,0.83
3.493,14.627,5.343,0.81
11.582,27.292,20.424,0.89
12.841,26.972,21.144,0.89
11.051,22.51,17.878,0.87
1.402,19.159,16.502,0.89
2.013,16.42,13.56,0.86
0,15.041,15.254,0.83
0,14.778,11.397,0.82
1.017,16.698,14.203,0.85
0,14.584,11.276,0.82
0.917,15.009,14.425,0.83
1.028,17.281,13.867,0.86
0,15.362,11.204,0.83
0,13.884,10.162,0.8
1.066,19.824,16.132,0.89
1.392,17.318,18.985,0.87
2.038,19.009,12.974,0.89
1.017,18.079,11.592,0.88
0,17.86,12.648,0.87
1.407,15.559,12.186,0.84
0,14.312,11.401,0.81
1.415,17.346,14.008,0.87
1.017,17.05,15.28,0.86
0,18.604,11.913,0.89
0,14.364,11.373,0.81
1.006,15.172,15.197,0.83
0.962,16.007,13.306,0.84
0.94,15.275,14.921,0.91
0,0.977,10.752,0.66
0,1.053,12.798,0.64
0,13.387,13.933,0.92
1.039,14.067,10.698,0.8
1.457,16.386,13.547,0.85
0,11.483,12.539,0.82
0,2.236,12.474,0.88
0,1.389,11.308,0.63
0,6.353,13.623,0.94
0,1.821,11.28,0.85
11.264,13.735,21.622,0.81
11.16,15.311,21.02,0.81
11.805,16.421,22.503,0.82
4.48,9.8,17.997,0.89
0,2.007,12.87,0.7
0,1.01,11.975,0.7
0,7.588,13.768,0.95
0,4.016,13.242,0.88
0,6.497,12.745,0.94
1.039,0,12.621,0.86
0,1.032,11.817,0.77
0.95,9.185,17.62,0.94
1.012,3.08,12.53,0.88
1.43,5.265,14.81,0.95
0,8.579,15.047,0.94
0.995,1.358,12.031,0.68
1.055,0.977,13.261,0.6
1.385,7.328,19.307,0.94
1.039,1.398,11.698,0.59
1.006,3.185,15.941,0.92
1.028,3.188,14.975,0.95
1.034,1.722,14.494,0.68
1.376,8.473,18.414,0.93
1.034,0.91,13.366,0.54
0,0.954,13.545,0.81
0,1.041,12.071,0.72
1.984,1.669,14.337,0.67
1.024,9.065,18.183,0.96
1.028,0,15.885,0.84
0,1.01,12.22,0.71
0.95,4.402,13.153,0.92
0,3.887,14.808,0.94
0,1.01,14.764,0.66
1.028,0,11.576,0.81
0,8.015,13.508,0.95
1.028,1.737,14.373,0.74
0.995,1.711,12.549,0.67
1.385,1.026,9.604,0.65
0.984,8.917,16.879,0.94
1.028,0,7.111,0.85
8.58,11.055,15.218,0.76
11.221,16.017,18.047,0.82
11.063,16.063,18.738,0.81
7.239,20.816,16.375,0.89
0,1.335,9.161,0.7
0,1.366,9.137,0.73
1.017,1.638,7.719,0.64
0.984,8.101,14.097,0.94
0,4.438,9.669,0.95
1.017,1.335,7.6,0.62
1.006,5.109,12.995,0.93
0,1.305,9.265,0.63
0,0.988,8.132,0.72
0.984,1.34,9.211,0.62
1.028,6.159,10.031,0.93
0,6.236,14.272,0.97
0,1.803,3.768,0.93
0,1.326,5.671,0.74
0.984,1.609,10.12,0.61
0.94,0.91,8.208,0.52
1.069,5.282,10.685,0.91
1.039,0.843,11.477,0.65
0,0.932,7.835,0.62
0,2.682,7.82,0.9
0,5.852,10.752,0.92
1.079,8.134,13.213,0.94
0,0.899,5.348,0.48
0,6.246,5.922,0.83
0,18.217,10.161,0.88
0,16.278,6.409,0.86
0,16.405,7.425,0.86
1.039,17.559,11.944,0.87
0,15.102,6.017,0.83
1.039,13.765,5.488,0.8
2.307,15.929,11.016,0.85
0,14.164,9.333,0.82
0.94,15.039,12.162,0.83
1.028,15.438,7.041,0.84
1.701,19.713,11.749,0.88
1.517,26.516,13.656,0.92
15.973,28.817,19.789,0.91
16.513,32.334,19.635,0.93
16.464,35.243,20.85,0.93
6.16,25.327,12.979,0.9
0,27.986,14.102,0.92
6.033,25.792,14.838,0.91
0,24.44,11.744,0.9
7.26,26.065,15.952,0.91
3.116,24.527,12.833,0.9
5.054,27.431,15.472,0.92
4.204,24.11,12.922,0.9
1.417,22.511,11.122,0.88
0,23.095,11.111,0.89
5.225,22.832,12.955,0.89
5.741,24.315,14.023,0.9
3.825,26.071,13.737,0.91
4.342,26.585,13.338,0.92
5.5,24.805,14.065,0.9
0,23.188,11.03,0.89
4.983,25.319,13.798,0.91
7.964,23.185,15.217,0.89
3.821,24.588,12.7,0.9
0,27.079,12.938,0.92
6.159,25.634,14.56,0.91
4.655,24.91,13.422,0.91
2.967,24.772,12.457,0.9
5.159,23.29,13.263,0.89
6.629,23.743,14.34,0.9
2.062,23.347,11.383,0.89
1.234,27.203,13.571,0.92
0,23.764,10.925,0.9
0,24.433,11.502,0.9
2.44,23.854,11.753,0.89
1.408,24.848,11.936,0.9
0,22.656,10.936,0.89
4.093,22.691,12.056,0.89
5.773,25.705,14.119,0.91
2.371,24.477,12.091,0.9
4.563,25.41,12.706,0.91
16.563,33.357,20.274,0.93
16.296,31.758,20.056,0.92
15.144,29.885,17.457,0.92
0,24.796,11.609,0.91
1.422,24.121,10.996,0.9
0,23.173,10.957,0.89
0,24.611,11.673,0.91
3.464,22.885,11.967,0.89
0,22.808,12.77,0.89
0,20.159,10.229,0.87
1.183,15.573,6.215,0.83
0,18.197,5.142,0.87
0,17.117,5.02,0.85
0,15.571,0,0.82
0,16.151,3.156,0.84
0,15.905,2.32,0.84
1.201,15.612,4.816,0.83
0,15.593,0,0.83
0,19.102,6.081,0.88
2.314,16.504,5.397,0.84
2.558,16.589,5.673,0.84
1.585,16.246,4.091,0.84
0,16.156,3.173,0.84
1.161,16.169,5.643,0.84
0,15.572,0,0.83
1.139,16.747,4.855,0.85
0,18.699,7.248,0.87
0,16.076,2.957,0.84
0,15.574,0,0.83
0,15.571,0,0.83
0,15.572,0,0.83
0,16.234,3.414,0.84
2.32,16.816,4.435,0.85
2.791,16.767,5.786,0.85
1.632,18.015,6.713,0.87
2.972,15.589,5.14,0.83
3.454,15.582,6.185,0.83
3.214,15.59,5.638,0.83
3.53,15.573,6.308,0.83
3.217,15.578,5.609,0.83
3.414,16.677,5.971,0.85
2.995,17.919,7.966,0.87
0,16.679,4.189,0.85
0,16.343,3.571,0.84
1.172,16.054,3.608,0.84
2.86,15.997,5.074,0.83
2.339,16.549,5.365,0.84
11.316,22.921,13.179,0.88
13.476,26.483,17.62,0.89
13.795,25.089,16.841,0.88
9.555,19.528,11.819,0.86
3.443,15.586,5.917,0.83
3.326,15.582,5.897,0.83
0,16.093,2.902,0.84
3.359,16.674,5.825,0.85
3.008,15.587,5.372,0.83
2.73,16.266,5.897,0.84
3.358,15.572,5.921,0.83
2.612,18.12,7.574,0.87
2.327,15.872,4.138,0.83
2.283,15.813,3.967,0.83
0,16.696,0,0.85
0,15.573,0,0.83
0,15.573,0,0.83
0,15.572,0,0.83
0,15.572,0,0.83
0,15.574,0,0.83
0,17.526,5.575,0.86
0,17.528,3.804,0.86
1.127,16.518,5.83,0.85
0,15.568,0,0.83
0,16.531,3.867,0.85
0,16.955,4.634,0.85
1.216,15.858,3.218,0.83
2.975,16.351,6.631,0.84
2.294,16.159,5.535,0.84
0,17.581,3.921,0.87
0,15.574,0,0.83
0,17.712,5.925,0.86
0,15.571,0,0.83
0,15.572,0,0.83
0,15.573,0,0.83
0,15.561,0,0.83
0,15.518,0,0.83
0,16.724,0,0.85
0,17.817,6.115,0.86
2.306,16.094,5.307,0.83
1.685,16.554,5.41,0.85
1.697,15.49,6.363,0.83
2.296,16.064,5.638,0.84
0,15.606,2.163,0.83
0,15.463,0,0.83
0,16.682,0,0.85
1.127,17.572,9.388,0.86
0,16.504,3.901,0.85
13.015,25.086,16.243,0.88
13.505,24.306,16.071,0.88
13.599,24.397,16.207,0.88
5.289,17.211,6.332,0.85
1.149,17.191,5.918,0.86
0,20.795,10.183,0.9
0,15.572,0,0.83
0,17.209,10.223,0.85
0,18.938,12.043,0.88
0,23.385,14.626,0.92
1.921,20.996,13.96,0.9
1.05,20.044,10.856,0.89
1.105,21.079,11.223,0.9
0,21.403,11.267,0.9
0,19.817,10.669,0.89
0,22.643,11.838,0.91
0,19.86,10.363,0.89
1.201,19.794,12.537,0.89
0,20.233,10.354,0.89
0,20.648,10.593,0.9
0,24.375,11.283,0.93
0,16.005,5.522,0.85
0,13.411,0,0.79
0,16.197,6.68,0.85
2.015,13.289,3.037,0.79
0,17.364,10.126,0.87
0,18.085,13.151,0.88
0,20.405,14.391,0.91
1.028,24.999,20.359,0.93
0,20.57,18.362,0.9
0,10.454,18.275,0.94
0,19.829,16.699,0.92
0,7.796,14.78,0.96
0,19.139,16.115,0.9
1.07,19.985,18.289,0.9
0,22.085,16.365,0.91
1.006,20.143,16.715,0.9
0,20.794,15.574,0.9
0,19.157,15.697,0.89
0,24.784,18.377,0.93
1.039,18.002,18.247,0.88
0.984,20.376,24.079,0.9
1.017,19.925,19.072,0.9
0.95,22.107,19.47,0.91
1.705,19.361,17.071,0.89
0,20.336,16.863,0.9
5.816,20.523,19.039,0.87
11.469,28.926,28.03,0.89
11.293,28.843,26.685,0.89
10.034,26.566,24.771,0.89
1.006,21.271,20.758,0.9
0,24.233,20.237,0.92
0.984,20.274,19.313,0.9
0,19.205,19.53,0.89
0,21.037,16.367,0.91
0,22.275,21.766,0.91
0,19.852,16.984,0.89
1.385,19.974,18.259,0.9
0,23.135,17.892,0.92
0,21.297,17.162,0.9
0,21.334,16.789,0.91
0,24.657,18.806,0.93
0,18.21,15.947,0.87
0.94,19.644,19.789,0.89
1.028,20.399,20.242,0.89
0,21.549,18.977,0.9
0,18.529,15.153,0.88
0,17.165,14.87,0.86
0,19.214,16.707,0.89
1.006,6.359,18.439,0.94
0,5.276,15.653,0.93
0,5.464,15.841,0.93
0,9.881,18.133,0.95
0,7.943,16.237,0.95
0.973,3.745,17.545,0.91
1.045,8.242,16.964,0.96
0,11.165,19.233,0.95
0,7.775,18.819,0.94
0,5.981,16.071,0.95
0,6.72,16.66,0.96
0,7.764,16.129,0.95
1.469,7.236,18.754,0.98
1.017,2.063,16.909,0.89
1.006,5.309,17.309,0.92
0,6.707,19.192,0.96
1.36,9.22,18.899,0.95
0,3.58,15.068,0.9
1.006,7.75,17.172,0.95
1.039,8.207,20.531,0.94
9.649,16.361,25.18,0.84
11.229,19.332,27.302,0.85
11.126,21.125,28.487,0.86
5.177,11.852,20.499,0.89
0,5.913,16.615,0.94
1.439,8.219,20.071,0.97
0,6.822,16.852,0.94
0,7.222,17.083,0.94
0,5.319,17.292,0.94
0,9.029,17.645,0.95
0,9.632,18.57,0.95
1.407,10.735,23.318,0.95
1.006,8.961,18.771,0.94
1.017,2.956,16.869,0.94
0,8.138,19.376,0.95
0,9.945,19.802,0.94
0,6.933,18.58,0.97
0,5.71,16.27,0.95
1.039,9.216,22.17,0.95
1.028,9.379,22.798,0.95
1.006,9.056,19.391,0.95
1.412,3.279,16.497,0.86
0,5.977,18.618,0.95
0,8.452,16.629,0.96
1.006,10.009,18.524,0.95
0,10.466,17.383,0.95
0,6.11,15.154,0.94
0,10.954,18.932,0.96
0,8.19,16.497,0.94
0,11.445,17.501,0.96
1.039,12.455,20.623,0.95
1.061,7.302,16.652,0.94
1.344,5.056,17.43,0.94
0.995,10.022,18.745,0.94
0,7.375,16.483,0.94
0,4.134,13.445,0.94
10.587,17.497,24.176,0.87
13.771,19.13,26.816,0.84
11.048,18.478,22.772,0.84
5.998,10.266,17.348,0.84
0,10.615,16.432,0.95
0.94,11.647,17.414,0.96
1.017,5.529,14.618,0.94
0,6.041,10.587,0.94
1.017,9.129,15.268,0.95
0.984,4.587,11.947,0.93
0,5.766,7.421,0.96
1.039,6.681,13.511,0.94
0.962,12.576,16.045,0.96
0.995,3.093,8.733,0.91
0,8.997,11.195,0.95
0,10.717,12.838,0.95
1.493,5.77,9.527,0.94
1.017,11.744,14.522,0.93
0,18.875,14.918,0.89
0.94,22.503,17.854,0.92
1.028,20.482,15.557,0.9
1.017,18.09,13.641,0.88
1.05,17.245,12.108,0.87
1.352,17.782,14.521,0.87
0.973,21.861,16.802,0.91
1.028,20.423,19.419,0.9
0,20.315,12.777,0.9
0,29.028,15.381,0.93
0,29.097,14.656,0.93
0,30.955,16.315,0.94
0,32.115,16.185,0.94
5.146,29.874,17.577,0.93
0,29.304,14.866,0.93
0,29.461,15.262,0.93
0,29.684,15.945,0.93
0,25.748,13.132,0.91
0,24.402,11.762,0.9
1.967,27.533,12.742,0.92
9.882,28.782,19.447,0.92
17.388,39.025,24.51,0.93
16.477,36.165,21.643,0.93
14.827,33.162,19.586,0.93
0,23.276,11.107,0.89
5.334,27.144,14.19,0.92
4.861,24.287,13.243,0.9
0,26.603,12.474,0.92
8.242,25.141,16.433,0.91
4.469,26.086,13.614,0.91
5.105,25.752,13.961,0.91
2.892,27.602,12.938,0.92
2.48,27.676,13.116,0.92
0,23.306,11.071,0.89
0,28.274,13.764,0.92
3.683,24.651,12.62,0.91
2.63,24.169,11.936,0.9
0,28.08,13.591,0.93
0,26.95,12.555,0.92
5.436,22.789,13.043,0.89
0,25.181,11.955,0.91
0,25.299,11.938,0.91
0,24.561,11.656,0.9
0,25.42,11.986,0.91
0,26.356,11.875,0.92
0,24.025,11.41,0.9
3.682,25.26,13.06,0.91
2.341,27.34,14.12,0.92
2.515,23.629,11.726,0.9
0,24.234,11.468,0.91
2.615,25.505,12.414,0.91
3.74,23.871,11.866,0.9
0,22.652,10.848,0.89
0,23.812,11.34,0.9
2.889,24.041,12.136,0.9
0,23.091,11.185,0.9
0,22.714,11.263,0.9
0,22.416,10.797,0.9
0,17.532,8.073,0.88
0,14.171,3.473,0.81
0,13.36,2.419,0.8
0,16.577,7.375,0.86
0,14.369,4.392,0.83
0,13.358,1.299,0.8
14.051,24.122,17.459,0.86
13.34,23.048,16.275,0.86
13.58,22.628,16.571,0.86
0,13.267,0.539,0.8
0,15.38,6.35,0.85
0,13.265,0,0.8
0,13.264,0,0.8
0,15.236,4.458,0.85
0,13.714,2.917,0.81
0,13.266,0.528,0.8
0,14.078,3.906,0.82
0,13.262,0,0.8
0,13.247,0,0.8
0,14.228,0,0.83
0,13.223,0,0.8
0,13.242,0,0.8
0,13.254,0,0.8
0,13.261,0,0.8
0,13.263,0,0.8
0,14.271,0,0.83
0,13.336,0,0.8
0,13.227,0,0.8
0,13.253,0,0.8
0,13.247,0,0.8
0,14.201,4.161,0.82
0,13.261,0,0.8
0,14.348,0,0.83
1.127,13.26,3.885,0.8
0,13.261,5.021,0.8
0,13.25,0,0.8
0,13.264,0,0.8
0,13.265,0,0.8
0,13.264,0,0.8
0,14.359,0,0.83
0,13.263,0,0.8
0,13.264,0,0.8
0,13.262,0,0.8
0,13.24,0,0.8
0,13.81,3.111,0.81
0,14.427,3.791,0.83
0,13.944,0,0.82
0,13.25,0,0.8
0,13.263,0,0.8
0,13.127,0,0.79
0,13.235,0,0.8
0,13.234,0,0.8
0,14.291,0,0.83
10.392,18.818,12.497,0.84
13.634,22.247,16.768,0.85
13.393,21.951,16.522,0.85
10.6,19.186,13.078,0.84
0,13.167,0,0.8
0,13.221,0,0.8
0,14.708,2.684,0.84
0,15.208,5.816,0.84
0,13.232,0,0.8
0,13.256,0,0.8
0,13.254,0,0.8
0,13.152,0,0.8
0,13.682,0,0.82
0,16.612,7.446,0.87
0,13.219,0,0.8
0,13.245,0,0.8
0,13.262,0,0.8
0,13.264,0,0.8
0,13.247,0,0.8
0,13.206,0,0.8
0,14.341,0,0.83
0,13.257,0,0.8
0,13.242,0,0.8
0,13.236,0,0.8
0,13.2,0,0.8
0,13.185,0,0.8
0,13.221,0,0.8
0,13.224,0,0.8
0,16.828,6.521,0.87
0,13.169,0,0.8
0,15.13,5.979,0.84
0,13.221,0,0.8
0,13.976,3.731,0.82
0,14.842,5.487,0.84
0,14.561,4.3,0.83
0,15.095,4.792,0.84
0,13.213,0,0.8
0,14.571,5.154,0.83
0,14.215,3.207,0.82
0,20.833,11.095,0.87
0,23.167,12.781,0.9
0,24.906,11.985,0.91
0,25.452,12.54,0.92
0,22.848,10.858,0.9
4.006,25.379,13.22,0.91
15.583,30.393,18.643,0.92
16.649,32.786,20.277,0.93
16.563,33.822,20.849,0.93
4.233,23.402,11.589,0.9
4.012,23.901,12.082,0.91
0,25.617,12.146,0.92
4.408,21.941,12.193,0.89
1.349,21.157,11.004,0.88
0,14.103,3.707,0.81
0,13.298,0,0.79
0,13.97,3.371,0.81
0,16.478,6.393,0.86
0,17.993,9.415,0.88
0,17.651,9.244,0.87
0,15.714,10.46,0.85
0,15.564,14.555,0.84
0,18.495,15.361,0.88
0,16.02,15.889,0.9
1.039,14.373,22.096,0.89
1.017,17.291,19.499,0.86
0,19.483,17.96,0.89
0,20.86,17.41,0.9
0,18.252,15.962,0.88
0,20.918,17.536,0.91
0,16.115,16.907,0.89
0,18.689,16.319,0.88
1.067,21.167,19.252,0.9
0,20.281,16.792,0.89
1.431,20.237,19.89,0.89
0,19.743,16.353,0.89
0,23.111,20.948,0.91
1.042,19.796,19.025,0.89
0,20.989,18.41,0.9
0,20.751,18.11,0.9
0,20.241,18.088,0.89
1.05,17.526,19.469,0.87
0,17.334,14.863,0.87
1.017,15.615,16.637,0.84
1.431,19.196,21.181,0.88
1.008,15.34,16.045,0.83
1.441,17.772,20.226,0.87
0.995,16.99,16.768,0.85
6.604,22.688,19.876,0.89
12.679,26.768,27.096,0.88
11.197,25.423,24.235,0.88
11.32,31.958,27.588,0.91
1.028,20.601,16.251,0.91
0,17.989,15.354,0.87
1.028,18.252,18.489,0.87
1.041,20.604,21.634,0.9
0.973,21.944,19.557,0.91
0.995,19.961,20.889,0.89
0,15.795,14.58,0.84
0,11.411,16.115,0.85
0,17.809,15.14,0.87
1.039,18.214,18.716,0.88
0,22.163,18.895,0.91
0.917,12.66,21.068,0.89
0.962,1.413,19.731,0.68
0.94,7.182,21.333,0.95
0.94,6.145,19.37,0.97
0,3.358,16.893,0.95
0.984,0,17.416,0.94
0.962,8.045,22.995,0.94
0,1.35,18.295,0.6
0,1.489,16.097,0.69
0.973,2.057,16.825,0.7
0,5.911,15.801,0.96
0.995,1.108,16.465,0.67
0,1.413,16.515,0.67
0,5.901,15.901,0.93
1.006,6.5,18.326,0.96
0,1.358,15.968,0.64
0,1.437,16.542,0.74
0,1.436,16.008,0.69
0.973,1.639,18.199,0.67
1.017,4.325,17.429,0.92
1.028,4.254,16.873,0.92
0.962,1.021,17.365,0.71
0,1.081,15.029,0.72
1.074,0.999,16.619,0.67
1.027,0.999,17.962,0.67
1.415,8.321,23.561,0.93
0.907,6.054,17.941,0.94
6.736,13.884,22.459,0.87
12.234,15.124,24.927,0.8
11.201,17.01,25.354,0.82
10.947,11.405,24.094,0.78
0,1.398,16.426,0.8
1.043,7.672,19.4,0.93
0.995,5.345,19.74,0.96
0,1.067,15.267,0.69
0,8.727,18.157,0.95
0,1.725,16.014,0.77
0,7.772,18.577,0.94
0,1.737,16.92,0.68
1.067,4.952,17.399,0.92
0,3.556,19.441,0.93
0,8.304,17.707,0.96
1.028,1.398,17.031,0.66
0,7.198,18.006,0.93
0,1.021,16.62,0.75
1.006,5.5,18.388,0.91
0.995,0.988,19.205,0.63
0.962,1.4,16.535,0.86
0,4.496,16.496,0.93
1.017,7.313,17.491,0.94
1.006,7.433,19.741,0.94
0,5.017,16.761,0.93
0,7.508,18.437,0.94
0,0,17.252,0.94
0,0,14.457,0.94
0,8.592,18.356,0.94
0.962,1.055,14.057,0.77
1.017,1.316,15.43,0.64
0,7.538,14.773,0.94
0.984,0.977,17.249,0.6
0.995,4.149,13.274,0.93
0.917,4.187,15.366,0.95
0,6.96,15.132,0.94
0,1.35,10.15,0.59
7.283,8.295,13.925,0.73
12.912,14.145,19.55,0.78
11.107,14.365,17.903,0.79
8.775,11.316,14.403,0.8
0,10.247,13.929,0.94
1.017,0.988,13.878,0.69
1.094,1.976,9.57,0.69
1.369,0.91,10.316,0.49
0,0,5.376,0.71
1.028,9.85,11.328,0.92
0,14.282,3.868,0.82
0,19.166,10.931,0.89
0.984,14.974,7.971,0.83
1.039,13.785,10.145,0.81
1.42,15.033,11.731,0.83
0,17.387,11.597,0.88
0,15.881,7.229,0.85
1.415,18.737,14.331,0.89
0,16.725,7.432,0.86
7.845,24.454,16.986,0.9
5.015,26.157,15.747,0.91
1.903,26.555,14.974,0.92
0,25.93,13.867,0.92
7.06,24.07,17.173,0.9
9.774,24.238,19.771,0.9
5.756,25.334,16.445,0.91
3.806,25.298,13.64,0.91
3.887,28.584,15.006,0.93
5.586,26.078,14.336,0.91
5.063,26.757,13.657,0.92
2.97,23.718,11.811,0.9
0,25.596,11.936,0.91
4.708,28.668,14.971,0.93
6.573,23.704,14.246,0.89
5.348,25.43,13.704,0.91
1.111,24.555,11.468,0.9
7.425,29.855,16.97,0.93
3.902,24.486,12.519,0.9
5.968,27.969,15.204,0.93
3.896,28.9,14.6,0.93
0,23.636,10.888,0.9
14.578,28.984,17.737,0.91
18.402,32.063,21.036,0.92
16.66,36.545,20.432,0.93
8.978,28.244,14.328,0.92
3.835,25.857,12.898,0.92
0,22.691,10.667,0.89
0,23.523,11.827,0.9
0,22.67,10.483,0.89
0,24.333,11.247,0.9
4.855,24.572,12.529,0.91
5.157,24.379,13.348,0.91
3.361,23.918,11.914,0.9
0.964,22.531,10.57,0.89
0,23.425,10.929,0.9
0,24.619,11.5,0.91
0,22.953,10.693,0.9
0,26.761,11.841,0.92
0,24.826,11.534,0.91
0,22.487,10.479,0.89
0,23.456,12.034,0.9
3.066,23.089,12.615,0.9
0,26.739,12.238,0.92
0,22.566,10.478,0.89
0,24.581,10.838,0.91
0,22.547,10.477,0.89
0,24.186,12.339,0.91
0,22.381,13.976,0.89
0,17.93,7.825,0.86
0,15.591,0.854,0.82
0,15.494,0,0.82
0,17.647,4.222,0.86
0,16.132,3.031,0.83
0,15.571,0,0.82
0,15.977,2.671,0.83
0,18.087,6.795,0.86
0,15.865,2.365,0.83
0,16.151,3.033,0.84
1.231,17.103,5.037,0.86
0,16.134,3.033,0.83
0,15.573,0,0.82
0,16.173,3.165,0.84
5.532,17.914,7.198,0.84
13.935,24.891,16.262,0.88
13.613,26.612,17.717,0.89
11.826,23.269,14.58,0.88
0,16.788,0,0.85
0,16.167,3.209,0.84
0,15.572,0,0.82
0,15.572,0,0.82
0,15.572,0,0.83
0,15.572,0,0.82
0,16.42,3.731,0.84
0,17.204,2.917,0.86
0,15.643,1.223,0.83
0,17.507,5.774,0.86
0,15.991,2.6,0.83
0,15.57,0,0.82
0,16.864,4.658,0.85
0,16.858,4.637,0.85
0,16.682,0,0.85
0,15.571,0,0.82
0,15.555,0,0.82
0,18.298,6.821,0.87
0,15.547,0,0.82
0,15.543,0,0.82
0,16.731,0,0.85
0,15.523,0,0.82
0,15.449,0,0.83
0,16.209,3.375,0.84
0,15.565,0,0.82
0,15.553,0,0.82
0,16.697,4.536,0.85
0,16.665,0,0.85
0,15.427,0,0.83
0,15.412,0,0.83
0,15.556,0,0.83
0,15.546,0,0.83
0,15.523,0,0.83
0,15.501,0,0.83
0,16.651,0,0.85
0,15.569,0,0.83
0,15.572,0,0.83
0,15.572,0,0.83
0,15.572,0,0.83
0,15.571,0,0.83
0,15.571,0,0.83
12.65,24.996,15.394,0.89
13.736,26.375,17.743,0.89
13.598,24.212,16.178,0.88
5.133,17.007,6.115,0.84
0.586,15.451,5.875,0.82
0,17.526,5.625,0.86
0,15.519,0,0.83
0,16.691,0,0.85
0,15.559,0,0.83
0,15.569,0,0.83
0,15.563,0,0.83
0,15.57,0,0.83
0,15.571,0,0.83
0,15.568,0,0.83
0,16.732,0,0.85
0,15.565,0,0.83
0,15.569,0,0.83
0,15.572,0,0.83
0,15.58,0,0.83
0,15.579,0,0.83
0,15.541,0,0.83
0,16.599,0,0.85
0,15.985,2.939,0.84
0,15.414,0,0.83
0,16.769,4.935,0.85
0,15.391,0,0.83
0,16.271,3.846,0.84
0,15.386,0,0.83
0,17.033,2.712,0.86
0,17.968,6.49,0.87
0,15.66,1.83,0.83
0,16.132,6.588,0.84
1.172,16.591,6.732,0.85
0,16.532,4.236,0.84
0,19.532,8.167,0.88
0,23.86,11.412,0.91
0,26.784,13.679,0.92
0,22.504,11.912,0.89
0,22.463,10.667,0.89
0,22.44,10.671,0.89
0,22.405,10.652,0.89
0,22.37,10.588,0.89
5.193,22.43,12.646,0.89
0,24.915,11.039,0.91
0,23.956,11.129,0.9
0,23.095,10.164,0.9
0,14.094,4.027,0.81
0.984,15.128,10.169,0.83
0.984,14.432,7.309,0.82
5.063,16.418,8.144,0.83
12.58,22.717,16.764,0.87
11.376,25.723,18.055,0.89
10.574,25.203,18.185,0.89
0.962,19.395,12.518,0.89
0,19.032,14.861,0.88
1.05,19.463,18.303,0.88
1.028,6.361,18.465,0.89
0,12.029,16.044,0.85
1.505,16.994,19.36,0.86
0.995,17.801,18.123,0.87
0,20.976,16.907,0.9
0,18.171,16.055,0.87
0,15.225,15.647,0.87
0,16.531,17.292,0.9
0,19.81,16.742,0.89
0,19.074,16.519,0.88
0,18.066,15.605,0.87
0,20.902,18.181,0.9
0,17.923,16.093,0.87
0,23.467,19.867,0.92
1.072,18.545,17.432,0.88
0,20.452,18.229,0.89
0.995,14.717,17.191,0.81
0,21.389,18.821,0.9
0.95,17.712,19.632,0.86
0,16.983,16.516,0.86
0,18.785,17.265,0.88
0.973,20.693,20.259,0.9
1.006,21.357,20.126,0.9
0,20.029,17.883,0.89
0,17.952,15.887,0.87
0,14.434,14.566,0.8
0,16.593,15.514,0.85
0,25.151,19.509,0.93
0,21.766,21.715,0.91
0.995,16.578,15.908,0.85
0,20.533,16.409,0.9
1.412,16.315,19.653,0.85
0,18.808,15.798,0.89
1.736,19.514,17.324,0.9
0,18.634,15.144,0.88
14.514,24.845,27.035,0.87
14.317,19.259,27.709,0.84
10.633,26.431,26.011,0.88
1.407,19.862,18.487,0.89
