IL1,IL2,IL3,PFL3
20.065,6.773,9.084,0.46
18.853,6.489,7.667,0.44
20.174,6.514,11.77,0.62
12.317,6.297,11.856,0.51
10.464,6.147,10.012,0.53
33.538,29.214,34.71,0.49
14.287,5.95,13.018,0.52
7.234,6.153,7.156,0.83
11.497,6.356,11.056,0.7
10.518,6.285,10.054,0.7
9.946,6.344,9.503,0.7
10.968,6.327,10.72,0.72
29.255,27.401,31.897,0.56
14.927,13.49,16.177,0.63
9.271,6.207,9.272,0.73
3.391,6.135,4.098,0.87
5.717,6.172,5.709,0.72
4.222,6.091,4.613,0.77
6.141,5.936,5.958,0.71
8.25,5.966,7.594,0.65
5.497,6.048,4.935,0.65
3.922,6.473,3.736,0.75
6.073,6.452,5.399,0.65
26.222,28.507,26.037,0.53
4.147,6.444,3.691,0.69
11.518,6.787,10.315,0.34
14.85,6.573,13.372,0.3
21.735,6.656,20.69,0.37
16.58,6.756,15.127,0.33
13.246,6.873,11.889,0.44
12.924,7.029,11.875,0.4
9.936,6.989,9.949,0.4
13.958,6.831,13.854,0.36
15.746,6.888,14.28,0.27
32.364,24.791,32.597,0.41
26.357,16.352,25.499,0.37
14.267,6.942,13.129,0.38
18.817,7.021,17.319,0.26
12.132,6.941,10.517,0.36
13.564,6.808,12.296,0.41
13.29,6.805,11.849,0.32
9.581,6.714,9.614,0.53
4.908,6.565,5.547,0.79
6.416,6.402,5.422,0.6
5.713,6.384,4.824,0.67
22.23,22.807,21.389,0.51
16.195,17.722,15.218,0.53
6.622,6.347,5.572,0.55
5.601,6.415,5.308,0.79
10.595,6.481,10.137,0.68
9.78,6.285,9.299,0.66
8.937,6.414,7.685,0.51
4.418,6.434,3.54,0.58
12.47,6.207,3.843,0.59
18.879,6.304,7.397,0.39
23.116,6.006,11.815,0.37
21.245,6.003,9.908,0.33
15.408,6.106,8.143,0.47
35.226,28.928,34.816,0.42
12.612,6.063,11.835,0.44
21.237,6.132,20.048,0.31
12.584,6.219,11.658,0.37
5.529,6.123,5.215,0.67
4.661,5.9,4.536,0.71
5.443,6.002,6.189,0.84
4.514,6.199,4.223,0.79
4.534,6.113,3.765,0.56
7.047,6.174,6.266,0.55
5.9,6.216,4.891,0.56
33.137,29.131,32.463,0.41
9.803,6.068,7.794,0.21
16.88,6.021,15.702,0.36
10.614,5.899,9.344,0.43
11.462,6.051,10.2,0.43
11.765,5.984,9.825,0.31
8.882,5.798,6.649,0.26
9.379,5.737,7.279,0.3
7.397,6.19,6.324,0.57
26.943,29.987,25.38,0.51
5.935,6.499,4.902,0.58
3.293,6.652,2.891,0.71
5.449,6.412,4.54,0.59
5.095,6.46,4.174,0.61
6.44,6.648,5.361,0.73
4.891,6.407,3.876,0.7
5.533,6.454,4.36,0.61
4.315,6.303,3.323,0.68
3.104,6.601,2.319,0.82
2.954,6.57,2.317,0.82
28.072,29.318,28.178,0.53
7.695,6.414,6.482,0.65
3.036,6.63,2.321,0.82
6.833,6.654,6.217,0.81
4.816,6.772,3.854,0.71
3.144,6.783,2.312,0.82
5.137,6.682,4.487,0.81
10.104,6.799,8.94,0.67
6.954,6.785,5.884,0.69
6.372,6.803,5.959,0.83
7.018,6.754,5.838,0.67
5.048,6.578,4.191,0.65
27.544,29.111,26.284,0.5
4.656,6.692,3.888,0.66
4.163,6.411,3.42,0.7
4.071,6.268,3.4,0.7
6.195,6.427,5.155,0.58
3.509,6.247,2.694,0.64
5.447,6.212,5.053,0.79
6.173,6.311,5.576,0.7
2.762,6.471,1.893,0.81
3.892,6.617,4.128,0.79
11.309,11.675,31.08,0.98
26.732,32.91,48.236,0.87
12.629,11.608,33.701,0.98
13.54,11.764,34.184,0.97
13.347,11.746,33.975,0.98
17.694,11.76,34.059,0.97
21.194,11.88,33.997,0.98
18.915,11.091,32.799,0.99
20.036,6.723,33.233,0.98
21.687,6.846,34.216,0.98
20.44,19.215,40.189,0.91
21.512,23.402,42.244,0.9
11.159,6.631,32.651,0.98
11.22,6.7,32.639,0.98
13.025,6.599,33.622,0.98
12.212,6.731,33.096,0.98
11.118,6.641,32.592,0.98
11.102,6.588,32.573,0.98
12.164,6.662,33.113,0.98
12.963,6.768,33.462,0.98
23.904,24.319,44.019,0.88
20.559,20.105,41.349,0.91
11.075,6.724,32.437,0.98
11.928,6.485,32.895,0.98
11.123,6.501,32.5,0.98
11.616,6.529,32.747,0.98
11.085,6.395,32.496,0.98
11.127,6.484,32.502,0.98
11.117,6.373,32.479,0.98
13.79,10.448,34.295,0.96
25.257,28.965,46.261,0.87
12.017,6.288,32.853,0.98
11.088,6.26,32.361,0.98
12.559,6.328,33.153,0.98
12.313,6.22,33.083,0.98
11.186,6.314,32.38,0.98
11.07,6.302,32.389,0.98
11.461,6.281,32.58,0.98
12.721,6.29,33.203,0.98
21.703,24.011,42.218,0.89
17.977,18.453,38.404,0.92
11.099,6.222,32.399,0.98
11.062,6.273,32.41,0.98
11.101,6.305,32.444,0.98
11.029,6.16,32.478,0.98
11.053,6.312,32.423,0.98
11.078,6.211,32.476,0.98
11.182,6.209,32.507,0.98
11.124,6.269,32.437,0.98
26.601,29.478,47.807,0.86
11.101,6.157,32.456,0.98
13.131,6.326,32.444,0.98
18.949,6.348,32.465,0.98
18.893,6.588,32.466,0.98
18.895,6.792,32.452,0.98
18.877,6.671,32.414,0.98
14.436,6.379,32.429,0.98
11.07,6.369,32.464,0.98
17.938,18.615,38.2,0.92
22.173,24.826,42.999,0.89
11.124,6.337,32.467,0.98
11.062,6.32,32.416,0.98
11.041,6.252,32.407,0.98
11.066,6.272,32.452,0.98
11.107,6.395,32.481,0.98
11.045,6.282,32.401,0.98
11.143,6.289,32.464,0.98
11.084,6.319,32.44,0.98
27.832,30.347,48.717,0.86
11.034,6.734,32.435,0.98
11.043,6.567,32.405,0.98
11.073,6.46,32.419,0.98
11.094,6.504,32.407,0.98
11.065,6.485,32.423,0.98
11.086,6.451,32.471,0.98
11.025,6.241,32.421,0.98
11.087,6.348,32.486,0.98
27.568,29.496,48.57,0.85
12.26,9.143,33.336,0.97
11.095,6.297,32.425,0.98
11.093,6.274,32.447,0.98
11.078,6.257,32.503,0.98
11.116,6.371,32.484,0.98
11.204,6.331,32.529,0.98
11.05,6.29,32.503,0.98
11.026,6.362,32.444,0.98
24.776,27.94,45.713,0.87
14.517,13.147,35.256,0.95
11.068,6.385,32.433,0.98
11.054,6.254,32.42,0.98
11.033,6.203,32.432,0.98
11.054,6.195,32.444,0.98
11.05,6.289,32.405,0.98
11.105,6.309,32.476,0.98
11.097,6.346,32.448,0.98
27.593,28.642,46.191,0.87
20.736,10.586,34.033,0.97
18.847,6.35,32.484,0.98
18.871,6.298,32.478,0.98
18.868,6.293,32.457,0.98
14.49,6.249,32.454,0.98
11.047,6.125,32.408,0.98
11.047,6.093,32.44,0.98
11.105,6.151,32.466,0.98
26.146,29.674,47.285,0.87
11.148,6.198,32.448,0.98
11.079,6.157,32.503,0.98
11.06,6.234,32.531,0.98
11.061,6.318,32.536,0.98
11.06,6.253,32.488,0.98
11.111,6.241,32.515,0.98
11.18,6.258,32.464,0.98
13.296,10.738,33.976,0.96
25.508,29.113,46.689,0.87
11.112,6.778,32.525,0.98
11.084,6.509,32.484,0.98
11.105,6.502,32.578,0.98
11.244,6.581,32.634,0.98
11.117,6.486,32.51,0.98
11.126,6.326,32.49,0.98
11.231,6.219,32.511,0.98
21.697,23.585,42.135,0.9
18.565,19.451,39.127,0.92
11.202,6.215,32.487,0.98
11.218,6.186,32.471,0.98
11.155,6.186,32.472,0.98
14.824,6.273,35.355,0.98
11.933,6.18,32.998,0.98
11.145,6.17,32.43,0.98
11.161,6.166,32.443,0.98
27.017,29.733,48.324,0.87
11.314,6.167,32.487,0.98
11.193,6.102,32.47,0.98
11.31,6.16,32.542,0.98
12.486,6.192,33.23,0.98
11.266,6.207,32.552,0.98
11.279,6.145,32.514,0.99
12.25,6.235,33.282,0.98
30.482,29.913,51.503,0.87
20.293,6.616,33.19,0.98
22.026,6.618,34.314,0.98
23.508,6.555,35.841,0.98
21.977,6.499,34.652,0.98
14.948,6.475,33.7,0.98
14.645,6.499,35.302,0.98
18.409,18.215,24.02,0.75
26.364,25.322,28.735,0.53
5.374,6.011,4.651,0.57
4.954,6.062,4.647,0.72
12.381,6.251,11.829,0.62
6.678,6.099,5.971,0.63
10.71,6.165,10.432,0.66
23.285,25.76,22.565,0.52
13.66,15.402,13.111,0.53
4.112,6.035,3.669,0.64
7.772,6.052,6.71,0.51
10.283,6.169,9.848,0.62
8.214,6.016,8.452,0.73
8.325,6.105,10.127,0.73
38.288,27.321,41.789,0.47
27.325,14.122,30.695,0.49
25.08,6.134,25.437,0.44
20.9,6.23,22.028,0.47
19.841,6.027,21.724,0.53
14.103,5.956,13.842,0.41
23.726,15.546,23.091,0.42
29.57,27.514,29.618,0.47
10.547,6.408,10.876,0.55
10.733,6.408,9.582,0.37
5.95,6.982,4.761,0.4
4.084,7.326,3.848,0.68
6.109,7.225,8.069,0.73
5.817,7.366,6.861,0.76
7.354,10.033,8.156,0.59
27.154,31.081,26.971,0.55
8.239,6.75,11.733,0.78
7.657,6.353,8.81,0.68
3.955,6.283,4.213,0.73
5.457,6.141,4.946,0.63
10.176,6.062,3.666,0.7
26.083,21.788,20.603,0.6
31.414,19.28,22.727,0.52
31.049,6.209,22.236,0.47
33.423,6.454,24.949,0.5
30.734,8.338,31.534,0.51
31.025,28.558,33.777,0.52
9.356,6.325,9.23,0.75
9.173,6.211,9.019,0.74
7.967,6.377,7.879,0.78
7.651,6.244,7.6,0.8
9.293,6.704,8.873,0.7
4.84,6.847,4.334,0.64
3.506,7.146,3.123,0.69
27.018,29.518,26.897,0.5
4.419,7.155,3.88,0.63
3.804,7.141,3.264,0.69
4.567,7.262,4.072,0.61
6.29,7.376,5.557,0.67
7.002,7.06,6.249,0.61
3.901,7.24,4.166,0.74
10.399,7.051,11.957,0.55
21.961,15.542,23.079,0.47
32.403,27.089,34.76,0.47
18.036,7.044,16.739,0.33
18.527,6.799,17.398,0.33
22.281,6.58,21.281,0.35
16.158,6.618,14.771,0.31
13.502,6.646,12.426,0.42
13.206,6.561,11.616,0.36
30.943,29.776,30.158,0.45
10.035,6.708,8.209,0.26
18.257,7.24,16.944,0.34
20.644,7.354,19.605,0.37
23.78,7.488,17.877,0.36
29.841,7.099,19.675,0.39
24.302,7.294,13.831,0.38
28.938,7.342,18.971,0.38
26.222,15.919,16.709,0.4
33.587,26.524,29.766,0.44
11.766,7.253,10.864,0.36
19.802,7.063,19.058,0.42
23.492,7.19,22.883,0.39
11.261,7.023,9.166,0.26
11.438,6.693,9.343,0.25
11.661,6.591,9.793,0.29
24.195,6.57,23.873,0.39
33.907,29.873,35.327,0.44
16.323,6.9,15.008,0.37
21.204,6.681,20.178,0.36
26.139,6.513,25.327,0.37
21.511,6.6,20.612,0.35
19.171,6.618,18.199,0.35
14.076,6.372,12.979,0.37
17.585,6.43,16.581,0.37
34.026,28.621,34.133,0.42
27.374,9.648,26.993,0.37
11.114,6.003,10.062,0.25
11.316,5.926,11.605,0.34
12.568,6.237,12.522,0.31
20.647,6.469,20.086,0.36
18.987,6.666,18.845,0.38
9.136,6.559,7.52,0.36
14.382,13.226,13.208,0.38
29.258,27.64,28.295,0.42
10.149,6.334,8.208,0.16
9.303,6.439,7.291,0.14
8.873,6.409,6.675,0.11
8.793,6.18,6.655,0.1
8.694,6.201,6.633,0.11
5.017,5.829,4.159,0.54
6.272,6.08,6.81,0.74
5.041,6.227,5.995,0.79
26.382,29.341,26.405,0.55
6.106,6.036,6.224,0.68
3.606,6.343,2.824,0.61
10.496,6.681,5.357,0.72
14.452,6.886,5.189,0.72
21.04,7.026,9.78,0.38
14.589,7.11,4.635,0.66
17.521,6.942,7.127,0.63
13.074,6.94,5.078,0.64
25.613,29.022,24.228,0.5
7.927,10.829,7.481,0.54
2.744,6.72,2.342,0.83
2.78,6.826,2.649,0.83
4.011,6.612,3.589,0.69
7.456,6.645,7.406,0.8
8.393,6.819,8.474,0.8
6.869,7.068,6.66,0.73
31.457,34.732,31.504,0.52
4.778,7.08,4.488,0.69
4.546,7.076,4.227,0.68
2.914,6.861,3.534,0.81
5.173,6.772,5.089,0.7
8.101,6.88,8.491,0.77
7.134,8.937,7.408,0.65
28.192,29.928,28.467,0.52
4.388,7.577,4.398,0.72
3.71,6.9,3.927,0.74
2.774,6.719,3.361,0.81
3.989,6.477,4.012,0.72
4.72,6.332,4.395,0.67
9.4,6.745,8.856,0.65
27.166,28.608,28.017,0.53
9.492,12.408,9.301,0.55
4.822,7.037,4.262,0.65
6.22,6.941,5.315,0.58
6.298,7.236,5.431,0.58
7.34,7.265,20.215,0.96
13.48,7.188,32.74,0.98
20.043,7.149,33.402,0.98
25.532,14.173,37.548,0.93
34.907,28.299,47.831,0.86
20.576,7.013,34.654,0.98
14.81,6.733,32.296,0.98
11.374,6.717,33.602,0.98
10.675,6.727,32.519,0.98
12.37,6.807,34.056,0.98
11.354,6.904,32.963,0.98
11.175,6.708,31.379,0.97
26.703,30.591,46.531,0.86
10.284,6.925,31.15,0.98
10.636,6.904,31.192,0.98
9.816,6.753,30.933,0.98
9.793,6.862,30.824,0.98
9.777,6.915,30.824,0.98
10.77,6.865,32.217,0.98
11.966,6.899,32.954,0.98
10.846,6.95,31.485,0.98
27.31,29.775,47.421,0.85
11.927,6.484,32.929,0.98
11.092,6.435,32.484,0.98
11.129,6.342,32.486,0.98
11.71,6.302,32.821,0.98
11.068,6.234,32.522,0.98
11.587,6.315,32.741,0.98
11.106,6.481,32.455,0.98
18.311,15.754,37.953,0.93
23.389,26.458,44.237,0.88
11.133,6.854,32.435,0.98
11.128,6.705,32.382,0.98
11.078,6.576,32.396,0.98
11.825,6.676,32.834,0.98
11.192,6.588,32.399,0.98
11.106,6.588,32.4,0.98
11.1,6.419,32.409,0.98
21.229,23.299,42.03,0.9
18.888,19.836,40.436,0.92
11.586,6.303,33.969,0.98
11.158,6.268,33.861,0.98
11.061,6.396,34.187,0.98
11.035,6.457,34.364,0.98
11.018,6.471,34.465,0.98
11.007,6.544,34.441,0.98
11.036,6.613,34.428,0.98
21.44,23.183,43.699,0.9
19.274,20.377,41.533,0.92
11.679,6.531,34.355,0.98
18.965,6.468,34.357,0.98
18.909,6.486,34.386,0.98
18.918,6.582,34.432,0.98
18.85,6.599,34.416,0.98
15.346,6.863,34.396,0.98
10.999,6.818,34.411,0.98
21.279,23.095,43.236,0.9
19.544,20.644,41.5,0.91
11.013,6.549,33.825,0.98
11.049,6.605,33.706,0.98
11.054,6.464,32.782,0.98
10.948,6.376,32.633,0.98
10.965,6.384,32.649,0.98
10.959,6.466,32.673,0.98
10.979,6.484,32.645,0.98
22.331,24.501,43.151,0.89
18.363,18.968,39.039,0.92
10.955,6.445,32.65,0.98
10.974,6.281,32.804,0.98
11.001,6.37,34.379,0.98
11.087,6.402,35.136,0.98
11.094,6.401,34.523,0.98
11.031,6.448,34.398,0.98
11.024,6.485,33.993,0.98
26.771,30.328,49.307,0.87
11.067,6.489,34.06,0.98
10.939,6.493,33.223,0.98
10.924,6.408,33.039,0.98
11.006,6.466,33.062,0.98
10.978,6.455,32.987,0.98
10.963,6.391,32.988,0.98
10.99,6.431,33.025,0.98
16.552,16.357,37.629,0.93
23.225,26.226,44.958,0.89
11.022,6.379,33.062,0.98
10.99,6.425,33.052,0.98
10.994,6.363,33.028,0.98
11.082,6.408,33.078,0.98
11.181,6.392,33.083,0.98
10.965,6.324,33,0.98
11.04,6.433,33.053,0.98
28.036,23.64,42.706,0.9
26.992,20.061,40.174,0.91
19.025,6.512,33.054,0.98
18.928,6.487,33.056,0.98
18.907,6.474,33.033,0.98
11.459,6.386,33.04,0.98
11.1,6.504,33.014,0.98
11.038,6.406,32.969,0.98
11.097,6.517,33.014,0.98
26.83,30.475,48.506,0.86
11.008,6.522,32.977,0.98
11.095,6.554,32.979,0.98
11.021,6.502,32.969,0.98
11.078,6.496,32.933,0.98
11.017,6.311,32.905,0.98
12.468,6.574,33.643,0.97
10.994,6.792,32.859,0.98
21.394,23.117,42.175,0.9
19.722,20.955,40.649,0.91
10.944,6.421,32.859,0.98
11.001,6.453,32.861,0.98
11.046,6.487,32.882,0.98
11.066,6.487,32.907,0.98
11.922,6.733,33.273,0.98
11.326,6.747,32.967,0.98
11.098,6.672,32.869,0.98
26.733,29.897,48.317,0.86
11.073,6.496,32.902,0.98
11.932,6.498,33.339,0.98
11.872,6.477,33.384,0.98
11.269,6.325,32.984,0.98
13.298,6.372,34.109,0.97
11.148,6.274,32.904,0.98
11.037,6.265,32.841,0.98
26.744,30.31,48.458,0.87
11.106,6.237,32.883,0.98
11.098,6.25,32.92,0.98
11.069,6.247,32.909,0.98
11.113,6.153,32.868,0.98
12.66,6.194,33.664,0.98
11.304,6.213,32.977,0.98
11.151,6.166,32.93,0.98
26.68,29.845,48.707,0.87
12.204,6.25,33.449,0.98
11.188,6.165,32.964,0.98
16.36,6.238,32.991,0.98
19.527,6.282,33.246,0.98
20.477,6.298,33.662,0.98
20.645,6.27,34.581,0.98
21.569,6.402,36.281,0.98
26.66,29.642,50.197,0.88
14.01,6.325,36.565,0.97
13.939,6.315,36.506,0.97
16.274,6.532,37.88,0.96
14.466,6.797,36.409,0.97
14.694,6.865,36.756,0.97
9.477,6.374,25.797,0.97
25.472,27.472,25.709,0.56
11.935,14.053,12.535,0.6
7.323,5.939,7.559,0.7
3.576,6.104,5,0.75
3.897,6.098,5.59,0.75
6.26,5.857,7.544,0.74
4.271,6.067,6.441,0.76
23.637,25.266,26.14,0.57
13.974,16.233,15.712,0.61
7.662,6.561,9.047,0.69
14.452,6.682,14.928,0.45
14.009,6.337,14.251,0.43
10.445,6.278,9.707,0.39
8.68,6.261,7.43,0.35
22.535,6.309,23.63,0.42
12.858,6.296,12.263,0.38
30.981,29.202,33.377,0.51
15.595,6.179,16.197,0.45
11.034,5.927,11.072,0.5
11.259,5.84,11.58,0.53
16.764,5.711,17.078,0.41
21.475,5.976,22.292,0.4
19.26,5.853,9.415,0.38
20.142,5.86,9.489,0.38
30.152,6.062,22.533,0.4
46.681,29.827,41.95,0.47
29.537,6.301,20.526,0.4
21.543,6.165,21.562,0.41
10.533,6.045,9.511,0.36
8.253,5.924,7.117,0.41
5.469,6.07,6.115,0.71
5.221,6.421,5.953,0.71
5.743,6.259,6.465,0.71
4.944,6.052,6.004,0.73
26.621,29.283,28.561,0.56
4.398,6.331,5.595,0.74
6.665,6.26,7.986,0.76
5.359,6.248,6.24,0.73
2.684,6.118,4.565,0.8
5.938,5.979,6.655,0.72
2.437,6.021,4.425,0.81
2.487,6.135,4.428,0.81
24.868,23.723,26.641,0.5
21.474,18.785,22.064,0.45
23.757,6.529,24.728,0.38
24.26,6.662,25.357,0.4
11.91,6.728,12.221,0.52
19.298,6.816,19.945,0.41
17.272,6.594,17.783,0.44
19.284,6.719,16.429,0.41
27.734,6.865,19.191,0.44
43.564,29.726,39.214,0.47
24.541,6.935,15.691,0.4
31.886,7.005,24.095,0.38
16.322,6.94,8.756,0.73
11.671,6.805,8.953,0.76
6.476,6.937,8.718,0.83
3.977,6.936,5.627,0.77
5.253,6.927,6.223,0.73
10.845,13.376,11.89,0.58
24.089,27,25.468,0.56
6.167,6.968,6.654,0.7
3.867,6.96,5.087,0.76
6.075,6.911,6.77,0.72
2.699,6.851,4.403,0.81
2.704,6.781,4.313,0.81
5.634,6.866,6.091,0.7
24.328,27.727,25.369,0.54
15.396,17.724,16.049,0.56
7.472,6.815,7.532,0.67
4.418,6.682,5.039,0.73
4.603,6.552,5.222,0.72
4.831,6.525,5.421,0.74
5.783,6.325,6.1,0.73
5.762,6.111,5.925,0.67
7.058,6.127,7.142,0.68
6.015,6.209,6.152,0.7
7.087,6.24,7.162,0.73
11.683,12.738,12.403,0.6
26.026,26.78,25.874,0.56
14.874,6.219,5.797,0.68
12.93,6.257,4.123,0.75
13.656,6.349,4.928,0.75
20.661,6.409,11.974,0.68
12.732,6.361,9.307,0.61
7.218,6.334,7.188,0.65
9.58,6.455,10.38,0.73
4.406,6.196,4.724,0.76
6.278,6.382,6.3,0.66
5.034,6.313,5.181,0.68
5.542,6.087,5.6,0.67
7.992,6.195,7.85,0.63
27.68,27.965,32.285,0.55
13.165,10.778,14.452,0.65
9.854,6.531,10.733,0.74
12.74,6.215,13.425,0.69
4.795,6.292,5.063,0.74
4.356,6.31,4.557,0.72
3.652,6.16,4.081,0.75
4.163,5.959,4.396,0.73
2.815,6.104,3.496,0.82
4.62,6.088,4.871,0.69
2.89,5.976,3.501,0.82
4.212,5.933,4.534,0.82
18.608,20.947,19.225,0.52
18.574,21.016,19.291,0.53
2.824,6.077,3.488,0.83
2.903,5.987,3.494,0.82
3.76,6.063,3.479,0.82
12.512,6.233,3.48,0.83
12.855,6.215,4.043,0.76
14.088,6.148,5.012,0.7
14.645,6.279,5.478,0.68
10.985,6.399,3.47,0.83
3.77,6.201,4.147,0.75
4.024,6.258,4.29,0.74
25.811,28.278,27.363,0.53
10.617,11.424,11.526,0.6
2.922,6.543,3.474,0.83
3.002,6.318,3.468,0.83
7.173,6.206,7.133,0.65
5.653,6.211,5.802,0.71
5.108,6.107,5.517,0.75
3.872,6.144,5.04,0.87
3.022,6.026,4.415,0.88
3.047,5.981,4.397,0.88
4.06,6.018,4.367,0.74
10.785,12.58,11.451,0.54
25.611,27.593,27.327,0.54
3.817,6.114,5.056,0.84
6.579,6.477,7.106,0.76
2.983,6.416,4.433,0.88
2.858,6.442,4.425,0.88
3.068,6.418,4.422,0.88
4.23,6.126,5.223,0.81
4.778,6.113,5.73,0.78
4.985,6.111,5.918,0.77
6.276,6.244,6.905,0.73
15.089,17.332,28.29,0.85
23.532,25.789,43.527,0.86
13.514,7.161,31.347,0.97
13.879,6.998,31.504,0.97
20.454,7.037,30.784,0.97
21.111,6.899,31.014,0.97
19.906,6.843,30.351,0.98
22.234,6.825,31.837,0.97
17.788,6.722,30.366,0.98
11.568,6.678,30.008,0.98
12.568,6.649,30.621,0.98
26.807,29.906,47.823,0.84
13.442,6.665,31.138,0.97
13.892,6.954,31.737,0.97
11.445,7.166,29.829,0.98
12.191,7.231,30.281,0.98
14.169,7.235,31.56,0.96
11.406,7.271,29.825,0.98
12.832,7.378,30.825,0.98
13.379,7.386,31.162,0.97
11.397,7.457,29.796,0.98
13.907,12.247,32.031,0.95
25.827,28.724,46.368,0.85
14.763,7.27,31.889,0.96
11.349,7.374,29.772,0.98
11.419,7.356,29.764,0.98
11.336,7.293,29.754,0.98
11.327,7.142,29.764,0.98
11.304,7.093,29.784,0.98
15.579,7.325,32.991,0.96
12.88,7.473,30.849,0.97
11.23,7.428,29.742,0.98
20.776,23.395,40.043,0.87
20.184,21.48,39.103,0.88
11.239,7.262,29.802,0.98
12.196,7.291,30.347,0.97
11.246,7.232,29.79,0.98
11.576,7.053,30.029,0.98
13.66,7.219,31.29,0.96
12.062,7.517,30.286,0.97
11.337,7.454,29.818,0.98
11.317,7.341,29.717,0.98
14.514,7.373,29.73,0.98
34.888,30.989,47.053,0.84
19.087,7.497,29.785,0.98
19.098,7.268,29.822,0.98
19.016,7.1,29.792,0.98
14.252,7.134,29.782,0.98
11.313,7.109,29.808,0.98
11.249,7.084,29.786,0.98
11.268,7.225,29.762,0.98
11.194,6.992,29.798,0.98
11.248,7.139,29.766,0.98
21.328,23.861,40.564,0.87
19.475,21.289,38.425,0.89
11.879,7.278,30.114,0.97
11.283,7.557,29.766,0.98
11.255,7.386,29.718,0.98
11.198,7.332,29.751,0.98
11.274,7.496,29.758,0.98
11.242,7.225,29.803,0.98
11.881,7.238,30.178,0.98
11.218,7.327,29.854,0.98
23.963,27.086,44.044,0.85
16.246,15.723,34.689,0.92
11.282,6.977,29.816,0.98
12.013,6.898,30.22,0.97
11.241,6.935,29.728,0.98
11.237,6.998,29.728,0.98
11.283,6.961,29.797,0.98
11.255,6.976,29.83,0.98
11.268,7.068,29.789,0.98
11.248,6.893,29.795,0.98
19.634,20.989,38.479,0.88
20.981,23.139,40.315,0.87
11.312,7.036,29.888,0.98
11.236,6.98,29.799,0.98
11.257,7.065,29.763,0.98
11.231,7.001,29.689,0.98
11.258,6.986,29.742,0.98
11.252,7.052,29.666,0.98
11.215,7.165,29.611,0.98
18.029,7.169,29.606,0.98
19.022,7.128,29.604,0.98
34.951,30.987,47.274,0.84
19.068,7.211,29.594,0.98
17.585,7.217,29.579,0.98
11.215,7.157,29.579,0.98
11.233,7.173,29.592,0.98
11.244,7.077,29.564,0.98
11.19,7.044,29.533,0.98
11.192,7.182,29.576,0.98
11.187,7.105,29.558,0.98
11.207,7.069,29.523,0.98
26.303,30.897,47.012,0.84
11.233,7.027,29.537,0.98
11.201,7.015,29.579,0.98
11.181,7.053,29.587,0.98
11.206,7.109,29.603,0.98
11.231,7.137,29.565,0.98
11.247,7.085,29.594,0.98
11.125,7.08,29.574,0.98
11.143,7.152,29.613,0.98
11.217,7.15,29.614,0.98
26.539,30.926,47.138,0.83
11.408,7.739,29.832,0.98
11.123,7.191,29.607,0.98
11.235,7.232,29.651,0.98
11.166,7.132,29.639,0.98
11.137,7.184,29.604,0.98
11.119,7.165,29.606,0.98
11.149,7.204,29.616,0.98
11.181,7.193,29.637,0.98
11.169,7.517,29.58,0.98
26.434,31.143,46.999,0.83
11.303,7.73,29.701,0.98
13.125,7.377,30.843,0.96
11.126,7.294,29.593,0.98
11.153,7.405,29.617,0.98
11.153,7.272,29.641,0.98
11.192,7.132,29.596,0.98
11.168,7.091,29.585,0.98
11.14,7.107,29.575,0.98
11.154,7.078,29.566,0.98
29.055,31.313,47.363,0.83
20.667,7.214,30.544,0.97
19.022,7.18,29.563,0.98
18.993,7.164,29.632,0.98
18.967,7.112,29.556,0.98
14.31,7.033,29.565,0.98
13.752,7.103,31.32,0.97
11.213,7.002,29.558,0.98
11.223,7.01,29.549,0.98
20.633,23.036,39.84,0.87
20.187,21.546,39.099,0.88
12.065,7.051,30.077,0.97
11.299,7.152,29.588,0.98
11.884,7.025,29.957,0.98
11.293,7.119,29.568,0.98
12.036,7.025,30.035,0.97
12.219,6.985,30.123,0.97
12.127,7.037,30.017,0.97
11.333,7.094,29.55,0.98
21.432,23.992,40.64,0.87
18.352,19.649,37.15,0.9
11.314,7.001,29.578,0.98
11.567,6.927,29.701,0.98
11.198,7.044,29.521,0.98
12.704,7.394,30.391,0.97
10.63,7.098,24.582,0.96
2.739,6.776,3.217,0.92
2.794,6.658,3.223,0.91
31.683,34.275,33.982,0.52
6.486,8.979,6.878,0.63
3.56,7.052,3.93,0.87
7.304,6.771,6.972,0.63
5.532,6.848,5.423,0.69
2.84,7.003,3.217,0.91
4.062,6.928,4.323,0.77
5.083,6.797,5.133,0.7
4.058,6.784,4.266,0.77
5.656,6.789,5.63,0.68
17.81,20.242,18.619,0.53
19.58,22.579,20.492,0.54
5.318,6.588,5.916,0.82
17.198,6.862,11.64,0.74
14.252,6.946,5.397,0.81
35.001,30.838,29.882,0.55
17.009,11.593,9.983,0.59
12.809,6.701,3.881,0.81
5.133,6.609,5.319,0.7
4.367,6.549,4.585,0.75
2.699,6.787,3.225,0.91
21.043,24.335,22.068,0.53
17.206,20.166,18.164,0.55
5.795,6.691,5.813,0.68
4.214,6.552,4.441,0.76
6.683,6.571,6.653,0.66
5.233,6.735,5.31,0.71
5.223,6.887,5.274,0.7
4.711,6.855,4.846,0.73
5.321,6.944,5.491,0.69
5.204,6.677,5.26,0.7
26.029,28.594,27.757,0.53
8.214,9.706,8.471,0.6
6.31,6.86,6.309,0.67
5.37,6.743,5.521,0.69
4.922,6.628,5.33,0.75
3.811,6.721,4.472,0.82
6.423,6.934,6.843,0.71
4.791,6.89,5.257,0.76
2.654,6.899,3.698,0.9
3.983,6.87,4.627,0.8
23.06,25.842,24.499,0.54
14.559,15.558,15.377,0.6
5.979,6.974,6.961,0.83
4.364,6.91,4.975,0.78
4.012,6.948,4.65,0.85
2.657,6.913,3.706,0.9
4.728,6.911,5.262,0.78
6.191,6.898,6.579,0.76
11.957,6.984,5.406,0.75
14.674,6.928,5.787,0.72
22.752,16.007,17.136,0.56
30.241,26.09,24.697,0.56
14.91,6.777,6.262,0.71
8.135,6.799,8.138,0.68
5.39,6.867,5.761,0.81
4.586,6.912,5.196,0.87
5.856,7.031,6.134,0.71
4.77,7.013,5.234,0.76
3.739,6.909,4.43,0.81
4.389,6.985,4.925,0.77
3.402,7.017,4.192,0.84
26.113,29.924,27.531,0.54
3.851,6.989,4.531,0.8
6.556,6.892,6.728,0.7
8.016,7.007,8.181,0.7
7.211,7.037,7.495,0.7
4.043,6.948,4.678,0.8
4.837,6.972,5.28,0.76
5.137,6.849,5.551,0.73
6.955,6.907,6.918,0.67
6.295,7.057,6.553,0.74
25.207,27.57,26.352,0.53
12.624,13.314,13.726,0.57
6.755,6.879,6.69,0.68
4.45,6.877,4.604,0.74
3.58,6.877,3.917,0.8
5.6,7.006,5.657,0.69
4.562,7.12,4.73,0.73
8.014,7.03,8.096,0.67
9.265,6.913,10.196,0.73
10.55,7.022,11.731,0.76
14.261,12,15.979,0.63
28.42,28.718,33.495,0.56
7.488,7.191,8.341,0.79
5.11,7.048,5.299,0.74
9.425,7.166,10.138,0.72
9.213,7.01,10.114,0.76
8.204,6.85,9.095,0.78
9.234,6.853,10.093,0.74
6.674,6.817,7.113,0.74
2.831,6.783,3.23,0.91
10.565,6.756,11.377,0.72
6.933,6.744,7.755,0.82
26.735,29.724,28.511,0.54
3.904,7.056,4.203,0.8
3.717,6.993,3.976,0.8
4.263,6.884,4.385,0.75
4.793,6.88,4.898,0.72
5.694,6.981,5.673,0.68
4.041,7.099,4.224,0.77
5.913,6.843,5.838,0.67
4.753,6.828,4.795,0.74
2.817,6.833,3.228,0.91
5.354,6.715,5.363,0.7
23.278,22.941,27.176,0.56
20.502,21.866,22.662,0.53
12.42,7.239,4.842,0.72
13.861,7.239,4.749,0.73
12.31,7.25,3.225,0.91
12.282,7.102,3.225,0.91
13.693,7.143,8.495,0.84
3.643,7.166,3.809,0.81
7.394,7.323,8.469,0.84
8.85,7.213,9.69,0.76
11.397,7.26,12.169,0.68
4.997,7.137,5.232,0.84
26.941,30.063,28.065,0.51
6.312,7.243,6.941,0.8
8.542,7.308,9.58,0.8
4.804,7.271,5.145,0.84
2.977,7.167,3.231,0.91
2.953,7.03,3.229,0.91
6.569,7.048,6.587,0.68
3.814,7.118,4.028,0.79
8.42,7.319,9.237,0.76
5.646,7.222,6.081,0.79
2.726,7.234,3.225,0.91
4.557,7.086,4.597,0.74
26.313,30.044,27.577,0.53
2.989,6.996,3.227,0.91
6.12,7.291,7.003,0.84
5.149,7.291,5.75,0.85
2.957,7.179,3.222,0.91
9.42,7.155,10.053,0.7
9.27,7.245,10.402,0.78
12.849,7.367,19.745,0.94
16.86,7.608,32.134,0.97
17.348,7.713,35.29,0.97
26.086,25.185,47.322,0.86
18.82,18.188,37.363,0.91
15.591,7.553,33.26,0.97
12.829,7.469,31.088,0.98
12.439,7.641,30.486,0.97
15.377,7.595,32.437,0.96
14.764,7.591,31.987,0.96
11.518,7.518,29.896,0.98
12.184,7.457,30.284,0.97
27.256,31.951,48.21,0.83
17.295,7.412,34.603,0.96
12.281,7.36,30.285,0.98
12.775,7.366,30.559,0.97
11.334,7.385,29.721,0.98
12.347,7.462,30.3,0.97
11.396,7.522,29.65,0.98
12.066,7.481,30.079,0.98
12.274,7.546,30.189,0.97
12.222,7.509,30.249,0.98
17.271,17.011,35.375,0.91
22.376,25.697,42.168,0.86
11.42,7.39,29.684,0.98
15.795,7.444,29.641,0.98
19.068,7.329,29.655,0.98
19.46,7.241,29.863,0.98
20.099,7.28,30.236,0.97
18.791,7.113,29.636,0.98
13.056,7.15,30.908,0.97
15.239,13.344,33.017,0.93
24.254,28.137,44.347,0.85
11.22,7.151,29.647,0.98
11.206,7.228,29.611,0.98
11.2,7.236,29.612,0.98
11.255,7.205,29.645,0.98
11.939,7.29,29.981,0.98
13.153,7.313,30.874,0.97
11.632,7.207,29.871,0.98
11.194,7.186,29.596,0.98
11.282,7.229,29.623,0.98
22.576,25.16,42.124,0.86
17.632,18.591,36.275,0.9
11.179,7.226,29.605,0.98
11.212,7.218,29.625,0.98
11.166,7.254,29.638,0.98
11.243,7.223,29.657,0.98
11.966,7.176,30.091,0.97
11.653,7.271,29.933,0.98
11.221,7.216,29.632,0.98
11.177,7.126,29.608,0.98
12.005,7.251,30.056,0.97
26.091,30.337,46.338,0.84
11.206,7.194,29.577,0.98
11.17,7.627,29.616,0.98
11.169,7.657,29.624,0.98
11.207,7.677,29.59,0.98
11.204,7.75,29.587,0.98
11.157,7.411,29.593,0.98
11.13,7.391,29.54,0.98
11.646,7.368,29.816,0.98
11.2,7.182,29.6,0.98
21.824,24.414,40.847,0.86
18.857,20.404,37.404,0.89
11.167,7.317,29.528,0.98
11.214,7.34,29.545,0.98
11.098,7.299,29.498,0.98
11.092,7.371,29.517,0.98
11.099,7.394,29.504,0.98
11.135,7.332,29.518,0.98
11.162,7.351,29.605,0.98
11.107,7.339,29.555,0.98
14.872,14.176,32.865,0.93
24.783,28.782,44.747,0.84
18.274,7.485,29.503,0.98
18.971,7.453,29.531,0.98
18.913,7.314,29.524,0.98
18.885,7.275,29.536,0.98
16.514,7.32,29.523,0.98
11.101,7.264,29.486,0.98
11.147,7.306,29.471,0.98
11.171,7.204,29.505,0.98
11.15,7.225,29.54,0.98
26.687,31.227,46.992,0.83
11.209,7.286,29.562,0.98
11.155,7.326,29.555,0.98
11.133,7.367,29.51,0.98
11.13,7.209,29.493,0.98
11.123,7.251,29.567,0.98
11.132,7.323,29.628,0.98
11.16,7.283,29.585,0.98
28.491,34.096,49.761,0.82
11.189,7.309,29.547,0.98
11.159,7.172,29.542,0.98
26.817,31.231,47.161,0.83
11.104,7.156,29.614,0.98
11.175,7.22,29.639,0.98
11.256,7.314,29.599,0.98
11.161,7.275,29.56,0.98
11.193,7.286,29.559,0.98
11.143,7.243,29.546,0.98
11.159,7.26,29.578,0.98
13.743,7.344,31.17,0.96
23.377,26.856,42.923,0.85
16.824,17.817,35.339,0.91
11.233,7.532,29.549,0.98
11.141,7.445,29.536,0.98
11.141,7.486,29.598,0.98
11.175,7.526,29.609,0.98
11.191,7.42,29.567,0.98
11.156,7.316,29.52,0.98
11.165,7.321,29.508,0.98
34.778,31.293,47.261,0.84
19.03,7.619,29.619,0.98
18.931,7.822,29.559,0.98
23.039,7.814,32.979,0.97
20.59,7.575,32.607,0.97
11.169,7.45,29.561,0.98
11.102,7.229,29.528,0.98
11.214,7.286,29.537,0.98
11.201,7.054,29.539,0.98
14.567,13.298,32.608,0.93
24.76,28.772,45.237,0.85
11.193,7.083,29.532,0.98
11.202,6.998,29.535,0.98
11.213,7.175,29.564,0.98
11.223,7.235,29.541,0.98
11.999,7.251,30.052,0.98
11.265,7.046,29.517,0.98
11.229,7.242,29.519,0.98
26.674,31.556,47.537,0.84
18.51,18.329,36.858,0.9
12.188,7.449,30.085,0.98
11.285,7.471,29.59,0.98
15.133,7.586,32.882,0.97
18.134,7.409,35.246,0.95
11.3,7.355,29.609,0.98
11.807,7.403,29.842,0.98
12.016,7.262,29.957,0.98
13.988,11.203,31.678,0.95
25.033,29.134,45.663,0.85
11.824,7.128,29.844,0.98
14.892,7.107,32.156,0.96
11.536,7.464,30.04,0.98
17.08,7.489,34.206,0.95
18.383,7.545,35.041,0.94
17.089,7.283,33.899,0.95
19.848,7.385,36.495,0.94
26.782,27.833,46.909,0.84
13.989,14.277,25.93,0.86
5.765,7.073,6.724,0.82
12.853,7.152,6.489,0.81
16.585,7.093,7.284,0.7
17.177,7.048,8.157,0.79
16.133,7.143,6.94,0.74
14.191,6.933,4.793,0.61
4.828,6.814,4.582,0.6
25.867,29.37,26.984,0.52
6.416,6.715,6.195,0.66
5.461,6.614,5.55,0.69
6.229,6.785,6.606,0.77
5.444,6.619,5.241,0.59
3.425,6.572,3.332,0.68
6.535,6.73,6.176,0.55
4.216,6.607,4.109,0.68
22.179,25.524,23.574,0.54
14.622,17.133,15.441,0.55
4.742,6.433,4.624,0.61
7.166,6.774,6.893,0.57
6.625,6.86,6.345,0.57
2.449,6.859,2.765,0.85
5.705,7.195,7.917,0.87
6.493,7.055,8.553,0.83
4.478,6.824,6.879,0.85
6.513,7.001,8.461,0.83
23.757,27.337,26.412,0.62
10.812,12.729,11.488,0.62
4.436,7.016,4.621,0.71
3.907,6.989,4.302,0.74
3.48,7.073,3.879,0.74
2.369,7.353,3.111,0.84
4.925,7.377,5.637,0.84
4.844,7.182,5.91,0.86
5.359,6.817,5.287,0.66
4.597,6.846,4.52,0.68
18.816,21.187,19.817,0.54
25.49,21.644,19.374,0.56
20.691,7.019,11.709,0.73
12.679,6.747,3.57,0.73
12.81,6.772,3.866,0.73
15.337,6.798,5.89,0.7
6.725,6.74,5.669,0.68
6.568,6.912,6.455,0.69
6.876,6.524,6.509,0.65
3.433,6.507,4.095,0.77
5.71,6.533,6.233,0.73
16.645,19.553,17.864,0.58
20.129,23.172,21.704,0.6
5.993,6.77,8.587,0.91
5.627,6.691,8.16,0.91
4.413,6.769,5.654,0.84
4.582,6.717,5.359,0.74
5.551,6.551,6.324,0.74
5.374,6.457,5.98,0.73
7.229,6.798,7.176,0.66
19.095,21.382,20.162,0.58
19.807,22.063,22.898,0.61
7.972,6.92,8.368,0.74
9.401,6.934,9.529,0.69
3.75,6.914,3.814,0.73
4.646,6.915,4.575,0.66
3.851,6.927,3.951,0.7
3.557,6.882,3.732,0.71
7.015,6.84,7.397,0.7
27.34,29.261,30.303,0.53
5.211,7.057,5.161,0.64
10.17,7.169,10.798,0.8
7.055,7.02,7.526,0.78
9.808,7.372,5.187,0.73
14.036,7.327,4.758,0.66
12.021,7.117,2.848,0.81
13.073,7.127,4.41,0.83
20.717,7.411,11.722,0.69
6.284,7.288,4.551,0.72
25.708,29.308,27.186,0.54
7.529,7.244,7.066,0.62
6.453,7.261,6.121,0.64
7.296,7.143,7.215,0.66
5.039,7.04,4.947,0.66
2.765,6.811,3.069,0.78
2.418,6.958,2.853,0.82
3.809,6.73,3.558,0.68
4.315,6.605,3.861,0.6
19.424,21.268,20.792,0.52
18.702,21.16,20.503,0.54
5.231,6.925,4.673,0.58
6.898,6.913,6.176,0.52
4.594,6.965,4.074,0.58
3.837,7.035,3.344,0.61
6.611,7.017,5.84,0.54
7.11,6.775,6.222,0.51
3.505,7.007,3.046,0.77
2.51,6.901,2.03,0.82
14.327,17.26,14.901,0.5
24.083,24.925,26.803,0.52
7.926,7.061,7.238,0.59
2.439,7.024,7.669,0.98
3.792,7.104,8.815,0.94
5.697,6.91,10.21,0.89
5.919,6.962,10.902,0.91
6.21,6.971,10.767,0.88
5.672,7.051,9.031,0.95
13.21,7.248,9.125,0.95
18.455,13.917,13.258,0.56
31.309,26.886,27.191,0.54
15.587,7.811,5.879,0.58
13.244,7.657,4.922,0.63
5.594,7.884,5.164,0.61
7.027,7.774,6.531,0.59
3.448,7.834,3.154,0.72
3.265,7.952,2.956,0.8
5.14,7.736,4.535,0.6
21.837,24.742,22.551,0.5
16.663,18.861,17.408,0.5
4.019,7.273,3.611,0.67
4.64,7.248,4.226,0.64
3.533,7.955,3.352,0.74
9.695,7.689,9.537,0.63
5.349,7.586,4.962,0.8
3.032,7.412,2.854,0.81
4.489,7.485,4.027,0.67
33.417,35.377,38.065,0.54
9.383,9.016,9.611,0.64
9.477,8.024,9.373,0.65
23.725,26.226,24.636,0.5
17.259,19.337,18.184,0.5
2.818,8.159,2.846,0.81
4.551,8.321,4.292,0.67
5.478,8.641,5.01,0.7
3.9,8.059,3.745,0.7
4.283,8.013,4.212,0.81
2.791,7.688,2.847,0.81
4.197,7.647,3.968,0.68
20.493,22.492,22.596,0.51
20.75,22.399,22.765,0.51
4.104,8.448,3.882,0.68
7.953,8.051,2.842,0.81
13.363,7.949,3.901,0.68
17.353,8.305,18.485,0.95
21.965,8.382,31.282,0.97
18.92,8.367,29.458,0.98
15.39,8.452,29.427,0.98
25.81,30.363,45.707,0.84
13.057,10.282,30.645,0.96
13.946,7.7,30.364,0.96
14.495,7.65,30.65,0.96
11.281,7.657,28.585,0.98
12.038,7.779,28.975,0.97
11.738,7.673,28.785,0.97
13.121,7.498,29.621,0.96
27.455,32.639,47.545,0.82
11.69,7.148,28.684,0.97
11.664,7.147,28.685,0.97
11.113,7.203,28.346,0.98
13.442,7.217,30.011,0.97
11.169,7.492,28.353,0.98
11.047,7.41,28.285,0.98
23.56,26.793,41.941,0.84
16.191,16.569,33.318,0.91
11.04,7.16,28.292,0.98
11.017,7.261,28.319,0.98
11.111,7.273,28.338,0.98
10.988,7.194,28.307,0.98
11.983,7.115,28.903,0.97
10.952,7.168,28.282,0.98
10.985,7.093,28.278,0.98
11.031,7.235,28.293,0.98
25.495,29.092,43.909,0.83
13.043,11.435,30.161,0.95
10.908,7.283,28.274,0.98
12.19,7.352,28.993,0.97
10.944,7.228,28.259,0.98
12.535,7.206,29.16,0.96
10.943,7.146,28.201,0.98
10.986,7.15,28.213,0.98
11.038,7.22,28.235,0.98
11.065,7.268,28.28,0.98
27.411,30.42,46.467,0.82
13.167,7.463,29.545,0.96
10.953,7.598,28.227,0.98
11.019,7.618,28.268,0.98
11.574,7.361,28.627,0.97
10.994,7.438,28.252,0.98
17.824,7.484,28.262,0.98
18.815,7.626,28.336,0.98
18.757,7.335,28.313,0.98
19.929,10.034,29.418,0.96
33.207,30.055,45.203,0.83
10.957,7.298,28.324,0.98
10.939,7.22,28.314,0.98
10.986,7.324,28.311,0.98
10.983,7.314,28.299,0.98
10.941,7.161,28.261,0.98
10.96,7.271,28.304,0.98
10.982,7.677,28.262,0.98
11.01,7.59,28.311,0.98
20.81,23.216,38.782,0.86
19.44,21.421,37.239,0.88
10.941,7.373,28.317,0.98
10.964,7.341,28.335,0.98
10.96,7.16,28.375,0.98
10.985,7.227,28.396,0.98
11.02,7.243,28.41,0.98
11.035,7.114,28.378,0.98
10.968,7.149,28.335,0.98
10.95,7.07,28.35,0.98
26.885,30.55,46.027,0.82
10.942,7.152,28.301,0.98
10.926,7.158,28.302,0.98
10.917,7.112,28.332,0.98
10.991,7.121,28.377,0.98
10.948,7.202,28.358,0.98
10.871,7.157,28.357,0.98
10.926,7.165,28.392,0.98
10.939,7.249,28.439,0.98
16.404,15.468,33.199,0.91
24.289,27.607,42.714,0.84
10.976,7.642,28.465,0.97
10.934,7.54,28.467,0.98
10.954,7.707,28.489,0.98
10.954,7.556,28.508,0.98
10.966,7.539,28.461,0.97
11.057,7.44,28.49,0.98
10.975,7.259,28.464,0.98
10.98,7.276,28.47,0.97
30.262,26.006,41.837,0.84
25.142,18.469,35.036,0.9
18.767,7.467,28.469,0.98
18.875,7.397,28.477,0.97
18.77,7.418,28.466,0.98
10.921,7.297,28.394,0.98
10.928,7.381,28.412,0.98
10.917,7.228,28.445,0.97
10.951,7.304,28.441,0.98
10.946,7.383,28.422,0.98
27.029,30.96,46.183,0.81
10.922,7.259,28.401,0.98
10.922,7.355,28.415,0.98
10.884,7.362,28.445,0.98
10.91,7.328,28.438,0.97
10.957,7.142,28.435,0.98
10.918,7.243,28.436,0.98
10.949,7.305,28.469,0.98
11.023,7.37,28.471,0.98
16.707,16.743,33.719,0.9
23.787,26.908,42.104,0.84
10.977,7.288,28.497,0.98
10.931,7.181,28.473,0.97
10.918,7.321,28.464,0.98
10.932,7.364,28.482,0.98
10.922,7.346,28.489,0.98
10.937,7.225,28.501,0.98
10.901,7.285,28.486,0.98
10.968,7.687,28.49,0.98
24.466,27.884,43.504,0.83
15.502,15.513,33.02,0.91
10.937,7.429,28.497,0.98
10.93,7.219,28.466,0.98
10.943,7.196,28.52,0.97
10.977,7.273,28.477,0.98
10.964,7.118,28.474,0.98
10.931,6.99,28.46,0.98
10.932,7.029,28.474,0.98
10.975,7.116,28.484,0.98
26.979,30.983,46.034,0.82
10.97,7.004,28.438,0.98
10.989,6.988,28.422,0.98
16.41,7.014,28.45,0.98
21.786,7.129,29.961,0.96
18.927,6.944,28.431,0.98
18.97,7.069,28.448,0.98
20.659,7.022,29.402,0.97
11.317,6.91,28.464,0.98
26.54,30.524,46.055,0.83
11.573,6.987,28.734,0.97
13.872,6.948,30.203,0.96
16.958,6.889,33.677,0.96
12.569,6.828,29.509,0.97
11.992,6.87,28.873,0.97
14.869,7.118,31.594,0.97
26.563,31.394,46.685,0.83
12.029,7.226,28.981,0.97
13.14,7.299,30.02,0.97
12.824,7.181,29.803,0.97
11.679,7.147,28.904,0.97
13.182,7.303,29.702,0.96
17.117,7.381,32.746,0.94
11.023,7.044,28.322,0.98
10.804,7.142,25.666,0.96
26.743,30.057,28.521,0.51
5.392,6.78,5.075,0.65
4.068,6.976,3.699,0.68
6.973,7.171,6.529,0.54
6.746,6.921,6.546,0.57
6.242,6.725,5.8,0.54
3.188,6.739,2.931,0.65
6.392,6.807,6.079,0.59
8.062,6.962,8.388,0.64
27.738,29.786,32.004,0.56
11.278,6.925,3.578,0.62
12.021,6.79,2.188,0.79
11.902,6.84,2.024,0.82
13.896,6.905,4.922,0.58
11.672,6.898,2.902,0.66
7.013,7.17,6.571,0.53
22.444,24.133,24.65,0.51
17.842,21.35,18.208,0.51
4.857,8.953,4.519,0.62
5.117,8.865,4.88,0.68
9.138,9.008,8.794,0.61
5.706,8.73,5.512,0.64
8.112,8.625,8.042,0.61
13.609,16.814,13.999,0.52
22.449,25.946,22.834,0.52
2.458,7.648,2.498,0.82
4.76,7.491,4.682,0.68
7.47,7.537,7.954,0.81
5.701,7.282,5.901,0.7
10.994,7.356,11.405,0.68
8.023,7.047,8.08,0.62
24.553,27.403,25.196,0.52
9.754,12.329,10.364,0.53
3.492,7.328,4.114,0.79
3.877,7.443,5.44,0.85
4.35,8.635,6.878,0.87
7.115,8.987,8.904,0.79
4.901,8.927,6.658,0.87
24.198,26.642,26.505,0.54
14.195,17.846,14.91,0.57
6.416,8.45,6.737,0.7
10.356,8.724,11.39,0.76
12.74,9.092,13.305,0.69
4.322,8.99,4.232,0.66
3.519,8.959,4.161,0.73
5.19,8.929,5.483,0.77
26.301,30.583,27.583,0.52
9.748,9.892,10.159,0.68
10.699,8.515,6.534,0.74
16.185,7.995,6.608,0.65
17.537,8.06,7.159,0.62
14.943,7.921,5.882,0.68
13.154,7.892,3.923,0.82
9.299,8.053,7.966,0.71
27.333,30.736,29.254,0.52
4.996,8.528,5.871,0.77
2.381,8.078,4.106,0.89
2.432,8.702,4.106,0.9
4.709,8.991,5.439,0.76
3.912,8.716,4.243,0.83
4.805,8.297,4.893,0.68
3.881,8.104,4.105,0.72
22.852,26.338,24.332,0.52
17.946,19.151,19.708,0.52
3.899,8.389,3.912,0.71
2.454,8.448,2.811,0.84
4.14,8.125,3.967,0.66
3.738,8.283,3.592,0.7
3.905,8.114,3.983,0.72
4.089,7.767,10.368,0.92
5.702,7.624,11.276,0.88
6.131,7.768,14.826,0.9
27.021,29.942,30.225,0.54
2.566,7.465,2.415,0.86
4.554,7.221,4.518,0.69
6.993,7.157,10.739,0.85
5.582,7.267,17.459,0.94
4.679,7.046,4.922,0.69
5.233,6.993,5.083,0.66
6.951,6.689,6.893,0.63
14.325,14.703,14.77,0.52
23.322,26.3,24.119,0.5
3.408,7.481,3.345,0.79
4.297,7.259,4.124,0.76
5.909,7.25,5.57,0.58
4.611,7.489,4.287,0.61
5.267,7.494,4.995,0.57
2.504,7.319,2.286,0.84
4.24,7.355,11.709,0.91
5.312,7.38,14.43,0.93
23.456,26.285,26.653,0.56
15.048,17.103,15.771,0.5
2.538,7.225,2.329,0.84
5.695,7.122,5.33,0.58
6.646,7.03,6.242,0.57
2.649,7.395,2.303,0.84
5.148,7.427,4.801,0.66
3.515,7.402,3.184,0.79
4.719,7.317,3.415,0.74
12.319,7.611,2.417,0.86
33.943,30.412,27.944,0.5
15.949,8.2,7.278,0.74
15.834,7.984,6.2,0.67
12.449,7.894,5.303,0.6
7.01,8.326,6.831,0.63
8.422,8.631,8.919,0.71
8.101,8.472,8.554,0.74
5.847,8.765,5.693,0.68
5.642,8.799,5.403,0.65
22.644,26.928,23.044,0.51
14.599,17.528,14.843,0.55
4.828,8.453,4.636,0.69
5.146,8.732,4.942,0.68
7.685,10.833,7.99,0.73
10.055,9.084,10.354,0.69
7.659,8.769,6.992,0.61
8.647,8.865,8.819,0.74
8.65,8.889,8.949,0.75
29.481,31.232,33.536,0.54
9.778,8.831,10.1,0.7
8.599,8.263,8.88,0.75
7.442,8.013,7.759,0.81
5.75,7.803,5.994,0.81
6.431,8.114,6.832,0.82
7.952,8.618,8.242,0.72
2.83,8.572,3.335,0.83
7.772,8.983,7.141,0.6
24.921,29.174,25.636,0.51
11.919,14.323,12.379,0.63
7.355,8.925,7.217,0.7
9.387,9.07,9.815,0.71
8.818,8.893,8.947,0.71
3.693,8.489,3.723,0.74
3.802,8.253,3.572,0.73
5.3,12.548,16.907,0.69
11.904,8.904,26.517,0.97
23.688,27.738,42.234,0.84
17.234,19.245,34.953,0.91
11.342,9.014,29.212,0.98
13.289,9.307,30.476,0.97
11.935,8.704,29.497,0.98
11.263,7.165,29.006,0.98
13.061,7.169,30.131,0.97
14.982,7.52,31.405,0.95
11.702,7.502,29.562,0.97
24.673,26.669,43.367,0.84
27.342,17.199,36.93,0.89
19.514,7.393,29.103,0.98
20.833,7.458,29.945,0.97
21.384,7.465,30.77,0.97
14.972,7.387,33.591,0.98
11.082,7.389,35.095,0.98
12.502,7.24,36.043,0.98
22.438,25.466,46.255,0.88
17.795,18.859,41.202,0.92
11.047,7.674,34.879,0.98
11.075,7.642,34.852,0.98
11.014,7.688,34.87,0.98
11.777,7.475,35.269,0.98
11.062,7.576,34.82,0.98
11.054,7.7,32.533,0.98
11.944,7.474,29.216,0.97
25.126,29.225,44.471,0.83
13.487,12.215,30.873,0.94
10.988,7.47,28.6,0.98
11.069,7.403,28.631,0.98
12.892,7.287,29.777,0.96
11.668,7.28,28.998,0.97
10.928,7.347,33.544,0.98
10.952,7.388,34.861,0.98
10.946,7.416,34.801,0.98
26.671,30.533,51.198,0.86
10.95,7.284,34.759,0.98
11.074,7.368,34.764,0.98
10.954,7.25,34.753,0.98
10.917,7.217,34.725,0.98
10.934,7.258,34.787,0.98
10.934,7.193,34.795,0.98
10.969,7.189,34.818,0.98
13.786,12.443,36.96,0.96
25.367,29.298,49.898,0.86
10.906,7.245,34.764,0.98
10.892,7.358,34.764,0.98
11.028,7.239,31.821,0.98
10.967,7.158,28.635,0.98
10.983,7.134,28.641,0.98
10.967,7.264,28.596,0.98
10.973,7.271,28.669,0.98
20.937,23.315,39.151,0.86
19.598,21.704,37.751,0.88
10.97,7.778,28.74,0.98
11.002,7.763,28.685,0.98
10.882,7.316,28.61,0.98
16.267,7.484,28.678,0.98
18.924,7.604,28.702,0.98
18.82,7.516,28.688,0.98
18.904,7.467,28.685,0.98
34.196,30.76,46.07,0.83
11.265,7.985,28.99,0.97
10.926,7.22,28.653,0.98
10.957,7.18,28.667,0.98
10.966,7.249,28.645,0.98
10.942,7.228,28.643,0.98
10.912,7.201,28.61,0.98
10.961,7.146,28.632,0.98
10.968,7.212,28.649,0.98
26.749,30.929,46.011,0.82
10.995,7.17,28.662,0.98
10.99,7.217,28.703,0.98
10.932,7.168,28.669,0.98
10.923,7.147,28.651,0.98
10.988,7.212,28.667,0.98
10.945,7.248,28.655,0.98
10.931,7.321,28.635,0.98
19.57,21.025,37.507,0.87
21.711,24.193,40.121,0.86
10.91,7.32,28.719,0.98
10.882,7.278,28.691,0.98
10.947,7.32,28.716,0.98
10.915,7.284,28.684,0.98
10.953,7.346,28.694,0.98
11.026,7.343,28.709,0.98
10.95,7.24,28.66,0.98
25.367,28.967,44.494,0.83
14.389,13.507,31.851,0.93
10.953,7.269,28.661,0.98
10.93,7.246,28.682,0.98
11.01,7.274,28.71,0.98
10.928,7.263,28.711,0.98
10.94,7.241,28.702,0.98
10.95,7.269,28.666,0.98
10.975,7.329,28.663,0.98
27.032,31.565,46.896,0.82
10.992,7.327,28.676,0.98
11.103,7.34,28.685,0.98
10.975,7.203,28.72,0.98
10.963,7.087,28.692,0.98
11.036,7.233,28.654,0.98
10.984,7.21,28.665,0.98
10.953,7.241,28.632,0.98
18.439,19.971,36.118,0.88
31.756,25.664,42.633,0.85
18.912,7.805,28.675,0.98
18.842,7.853,28.671,0.98
18.869,7.73,28.721,0.98
15.994,7.632,28.744,0.98
11.015,7.556,28.712,0.98
10.962,7.512,28.654,0.98
11.022,7.338,28.652,0.98
25.491,29.578,44.615,0.83
13.98,12.932,31.427,0.94
11.009,7.225,28.682,0.98
10.978,7.276,28.631,0.98
11.003,7.26,28.617,0.98
11.058,7.255,28.642,0.98
11.052,7.56,28.63,0.98
11.052,7.733,28.608,0.98
13.02,11.074,30.151,0.95
25.69,29.87,45.209,0.83
11.48,7.305,29.003,0.98
16.744,7.449,33.771,0.96
16.181,7.525,33.155,0.96
15.76,7.547,32.742,0.96
11.039,7.112,28.705,0.98
11.017,7.093,28.685,0.98
11.054,7.08,28.664,0.98
27.888,29.029,47.399,0.81
17.175,12.569,33.804,0.92
13.335,7.44,30.097,0.96
11.84,7.479,29.104,0.97
11.149,7.289,28.723,0.98
11.062,7.145,28.723,0.98
13.982,7.204,31.174,0.97
12.33,7.201,29.714,0.97
24.778,23.562,44.486,0.86
24.184,21.141,43.278,0.87
16.29,6.878,33.293,0.96
16.32,6.878,33.294,0.97
15.666,7.155,32.552,0.96
14.693,7.334,31.096,0.95
15.208,7.305,31.968,0.96
11.823,7.385,29.583,0.98
27.879,31.136,48.704,0.83
13.324,7.279,30.619,0.97
5.639,6.914,7.437,0.87
6.475,6.889,6.252,0.61
8.894,6.976,9.193,0.64
8.344,7.064,9.092,0.74
18.94,6.993,10.392,0.62
14.515,7.006,5.395,0.76
13.985,9.078,4.661,0.63
36.738,34.263,32.045,0.52
11.242,10.55,3.663,0.65
4.637,10.007,4.519,0.6
7.497,9.772,8.048,0.75
9.604,9.328,10.303,0.7
6.294,8.906,6.336,0.66
6.065,9.376,6.717,0.81
7.592,8.51,8.24,0.75
8.039,7.85,8.671,0.73
26.489,29.269,30.668,0.57
9.569,10.626,10.732,0.68
8.921,7.616,9.571,0.7
9.765,7.593,10.39,0.67
12.129,7.128,12.713,0.62
10.261,6.884,10.88,0.66
7.87,6.716,8.486,0.74
7.773,6.539,8.606,0.8
7.677,6.362,7.858,0.62
14.783,17.929,15.414,0.53
22.038,25.473,23.391,0.54
10.428,7.82,10.328,0.62
12.137,7.702,12.669,0.66
5.666,7.374,5.916,0.73
8.057,7.036,7.509,0.61
5.713,6.788,5.43,0.63
8.292,10.612,8.962,0.55
24.29,28.639,25.797,0.56
3.489,6.78,3.718,0.72
4.802,7.076,4.82,0.66
5.683,7.339,5.557,0.64
5.417,7.397,5.371,0.65
5.994,7.388,5.91,0.62
7.053,7.177,6.752,0.6
3.197,7.078,3.535,0.76
2.433,7.991,3.148,0.83
12.945,16.813,13.61,0.53
25.309,27.945,27.661,0.52
9.552,9.028,4.893,0.65
14.75,8.917,6.511,0.85
14.561,8.828,5.909,0.76
16.215,7.97,6.861,0.69
12.79,7.042,7.392,0.94
5.231,7.666,10.092,0.95
4.688,7.648,10.388,0.94
4.095,7.82,10.139,0.96
28.021,29.981,34.871,0.65
6.396,8.674,11.471,0.89
10.499,8.741,15.996,0.84
5.098,10.09,10.429,0.92
4.263,11.631,5.564,0.79
4.415,7.175,4.416,0.66
3.503,10.578,3.966,0.81
4.855,10.743,4.826,0.65
5.243,10.615,5.15,0.64
16.361,18.189,17.491,0.55
21.859,25.259,24.027,0.55
2.648,6.848,2.86,0.81
4.256,7.017,4.213,0.68
7.212,7.154,6.995,0.62
3.716,6.685,5.513,0.88
5.379,6.766,5.847,0.73
8.121,7.058,10.154,0.84
11.539,7.14,14.874,0.95
14.263,7.423,17.063,0.9
26.374,29.576,27.625,0.58
2.601,6.771,3.347,0.86
7.508,6.858,9.131,0.77
5.91,7.369,8.013,0.8
7.534,8.906,7.622,0.67
3.928,8.339,3.786,0.69
4.915,7.518,6.032,0.81
7.465,7.574,8.556,0.74
4.718,7.164,4.875,0.71
2.499,6.892,2.998,0.9
15.62,16.603,17.525,0.53
23.082,24.992,24.941,0.53
9.235,7.072,10.174,0.71
5.378,6.984,5.463,0.67
6.454,7.576,6.573,0.63
4.642,8.272,4.572,0.66
5.013,7.826,5.152,0.68
4.864,7.905,4.943,0.68
5.413,7.775,5.542,0.66
4.607,7.622,4.911,0.78
3.765,7.339,4.005,0.75
3.974,6.881,8.488,0.92
26.513,28.959,31.753,0.64
2.603,6.317,9.254,0.99
4.657,6.286,10.445,0.94
5.143,6.292,10.884,0.92
5.414,8.359,10.963,0.91
4.192,7.073,10.063,0.94
3.562,8.595,9.711,0.96
2.582,7.139,9.242,0.99
2.436,7.055,9.246,0.99
5.211,7.116,10.321,0.9
6.826,7.379,9.156,0.91
13.458,7.579,3.759,0.58
14.374,7.344,4.8,0.56
28.099,22.268,22.84,0.5
26.537,20.088,20.209,0.59
9.534,8.042,5.146,0.69
5.415,6.789,4.96,0.6
6.503,6.887,5.904,0.58
2.716,7.155,2.833,0.81
4.085,7.314,3.995,0.7
4.183,7.249,3.949,0.69
5.153,12.051,4.868,0.66
2.718,11.45,2.685,0.81
4.375,8.192,4.011,0.63
2.721,11.436,2.469,0.82
7.971,11.125,8.088,0.67
25.788,29.653,27.674,0.53
8.511,11.582,8.661,0.71
4.656,11.812,4.178,0.68
4.701,8.483,4.233,0.62
6.315,12.236,5.673,0.62
4.841,7.621,4.311,0.63
3.973,7.422,3.485,0.66
10.591,7.612,10.505,0.63
5.921,7.334,5.999,0.72
8.154,7.196,8.172,0.67
8.228,6.762,8.504,0.77
5.922,6.471,5.525,0.67
7.181,6.625,7.668,0.83
5.132,6.367,4.887,0.74
28.325,29.238,30.386,0.5
4.193,7.255,3.624,0.63
5.394,6.39,4.609,0.54
4.732,6.268,3.908,0.57
4.773,6.388,3.894,0.59
5.76,6.345,5.118,0.57
3.956,6.2,3.329,0.64
2.85,6.172,2.032,0.81
4.489,6.328,3.888,0.57
7.359,6.558,18.726,0.96
15.806,7.46,29.029,0.98
28.159,19.848,38.001,0.88
29.582,23.823,40.115,0.87
19.61,6.741,28.913,0.98
25.446,6.665,33.726,0.96
13.773,6.405,30.037,0.97
12.991,6.584,29.566,0.97
12.705,6.582,29.365,0.97
12.19,6.639,28.976,0.97
11.362,6.615,28.502,0.98
13.078,6.621,29.687,0.97
18.464,6.692,34.862,0.96
27.212,27.884,46.622,0.83
16.983,11.382,33.446,0.93
18.803,7.086,34.952,0.95
20.285,7.057,36.199,0.95
16.136,6.983,32.146,0.96
16.478,6.811,32.534,0.96
11.988,6.765,28.713,0.98
12.126,6.797,28.722,0.97
13.033,6.835,29.322,0.97
12.707,6.738,29.128,0.97
22.302,24.659,40.498,0.85
17.742,18.034,34.982,0.9
11.239,6.753,28.39,0.98
12.177,6.704,29.077,0.97
11.173,6.587,28.396,0.98
11.209,6.53,28.388,0.98
11.179,6.528,28.403,0.98
11.747,6.591,28.746,0.97
11.647,6.358,28.667,0.97
11.168,6.359,28.4,0.98
22.367,24.447,40.343,0.85
17.995,18.165,35.218,0.89
11.238,6.36,28.362,0.98
11.15,6.348,28.353,0.98
11.191,6.358,28.346,0.98
11.613,6.359,28.6,0.97
11.194,6.446,28.323,0.98
11.276,6.413,28.359,0.98
11.117,6.334,28.342,0.98
11.24,6.434,28.334,0.98
11.178,6.392,28.298,0.98
26.266,29.773,45.452,0.83
11.178,6.471,28.387,0.98
11.145,6.387,28.369,0.98
11.104,6.432,28.39,0.98
11.081,6.465,28.376,0.98
11.137,6.413,28.316,0.98
11.254,6.398,28.326,0.98
11.217,6.386,28.332,0.98
11.18,6.815,28.325,0.98
17.46,6.928,28.386,0.98
26.668,19.742,36.361,0.88
29.332,23.421,39.538,0.87
19.021,6.626,28.377,0.98
18.493,6.651,28.466,0.98
11.205,6.53,28.475,0.98
11.15,6.346,28.391,0.98
11.262,6.35,28.416,0.98
11.233,6.34,28.417,0.98
11.188,6.298,28.42,0.98
11.191,6.321,28.375,0.98
11.155,6.311,28.391,0.98
26.571,29.729,45.718,0.82
11.12,6.368,28.353,0.98
11.105,6.316,28.401,0.98
11.177,6.347,28.383,0.98
11.099,6.381,28.375,0.98
11.084,6.485,28.373,0.98
11.098,6.399,28.393,0.98
11.087,6.328,28.377,0.98
11.05,6.404,28.373,0.98
11.1,6.562,28.381,0.98
26.938,30.412,46.101,0.82
11.06,6.492,28.398,0.98
11.036,6.461,28.375,0.98
11.112,6.499,28.42,0.98
11.12,6.469,28.44,0.98
11.083,6.486,28.365,0.98
11.108,6.485,28.369,0.98
11.126,6.551,28.344,0.98
11.139,6.469,28.396,0.98
11.11,6.468,28.387,0.98
26.673,30.11,45.785,0.82
11.143,6.46,28.396,0.98
11.158,6.499,28.429,0.98
11.142,6.5,28.393,0.98
11.112,6.496,28.361,0.98
11.135,6.518,28.39,0.98
11.179,6.465,28.433,0.98
11.211,6.516,28.412,0.98
11.169,6.495,28.392,0.98
11.096,6.54,28.414,0.98
26.606,30.313,46.038,0.83
11.214,6.523,28.39,0.98
11.203,6.466,28.395,0.98
11.557,6.38,28.403,0.98
19.195,6.529,28.48,0.98
19.149,6.55,28.471,0.98
19.054,6.573,28.443,0.98
19.002,6.526,28.466,0.98
16.196,6.493,28.435,0.98
19.642,20.851,37.373,0.88
21.103,23.194,39.423,0.87
11.153,6.419,28.455,0.98
11.143,6.442,28.441,0.98
11.135,6.41,28.441,0.98
11.205,6.422,28.422,0.98
11.099,6.27,28.408,0.98
11.125,6.306,28.434,0.98
11.147,6.326,28.448,0.98
11.07,6.677,28.41,0.98
26.679,30.251,46.298,0.83
11.126,6.552,28.321,0.98
12.008,6.656,28.86,0.97
11.113,6.497,28.369,0.98
11.203,6.537,28.404,0.98
11.316,6.522,28.418,0.98
11.979,6.365,28.902,0.98
11.284,6.229,28.457,0.98
14.5,6.532,31.207,0.97
25.282,27.754,43.974,0.83
15.787,13.671,32.654,0.92
11.175,6.477,28.351,0.98
11.174,6.403,28.297,0.98
11.152,6.442,28.346,0.98
11.166,6.444,28.402,0.98
11.174,6.406,28.394,0.98
11.885,6.817,28.818,0.97
11.285,6.75,28.426,0.98
22.016,23.139,39.934,0.86
19.146,20.092,36.76,0.89
11.332,6.527,28.429,0.98
12.98,6.562,29.472,0.97
16.464,6.49,32.861,0.96
12.097,6.325,29.053,0.98
11.273,6.732,28.352,0.98
12.84,6.8,29.293,0.97
11.266,6.643,28.25,0.98
22.897,22.685,40.864,0.86
20.619,20.229,37.353,0.88
19.334,6.707,28.446,0.98
22.923,6.882,31.211,0.96
24.462,6.92,31.868,0.95
14.088,6.533,13.522,0.96
9.177,6.401,2.207,0.79
4.796,6.35,4.204,0.58
5.038,6.271,4.39,0.56
21.251,23.511,21.711,0.5
16.314,18.253,16.449,0.52
4.253,6.099,3.765,0.59
2.883,6.05,2.357,0.74
7.214,6.075,6.582,0.54
5.757,6.281,5.233,0.65
2.527,6.26,2.032,0.81
2.606,5.947,2.033,0.81
6.378,5.925,5.725,0.53
26.402,28.061,27.863,0.51
15.831,14.016,19.504,0.68
10.205,6.257,15.83,0.84
6.699,6.3,11.739,0.89
4.79,6.225,9.423,0.91
3.281,6.158,8.4,0.96
3.061,7.657,8.373,0.97
5.739,5.877,10.524,0.9
6.279,5.962,10.649,0.87
11.022,11.401,14.701,0.74
23.941,27.687,27.931,0.64
5.462,8.1,4.731,0.53
8.873,6.308,8.95,0.72
7.978,6.265,7.783,0.64
