VL1,VL2,VL3,IL1,IL2,IL3,PFL3
126.86,128.11,127.85,20.065,6.773,9.084,0.46
126.64,127.79,127.4,18.853,6.489,7.667,0.44
125.47,127.92,127.39,20.174,6.514,11.77,0.62
127.27,127.64,126.69,12.317,6.297,11.856,0.51
127.04,126.96,126.57,10.464,6.147,10.012,0.53
125.62,125.91,125.35,33.538,29.214,34.71,0.49
126.72,127.26,126.41,14.287,5.95,13.018,0.52
127.1,127.41,126.43,7.234,6.153,7.156,0.83
127.56,127.64,126.81,11.497,6.356,11.056,0.7
127.23,127.69,127.34,10.518,6.285,10.054,0.7
127.66,127.82,126.66,9.946,6.344,9.503,0.7
127.55,127.14,126.52,10.968,6.327,10.72,0.72
125.83,126.17,125.71,29.255,27.401,31.897,0.56
127.07,126.74,126.48,14.927,13.49,16.177,0.63
127.92,127.52,126.93,9.271,6.207,9.272,0.73
127.83,127.17,127.32,3.391,6.135,4.098,0.87
127.29,127.13,126.89,5.717,6.172,5.709,0.72
127.91,126.74,126.64,4.222,6.091,4.613,0.77
127.14,126.78,127.2,6.141,5.936,5.958,0.71
127.09,127.16,127.26,8.25,5.966,7.594,0.65
126.98,127.12,126.84,5.497,6.048,4.935,0.65
127.39,127.29,127.16,3.922,6.473,3.736,0.75
127.27,126.96,127.2,6.073,6.452,5.399,0.65
125.68,124.96,125.49,26.222,28.507,26.037,0.53
127.4,126.28,126.64,4.147,6.444,3.691,0.69
126.26,126.17,126.92,11.518,6.787,10.315,0.34
126.6,126.24,126.91,14.85,6.573,13.372,0.3
125.76,126.53,125.7,21.735,6.656,20.69,0.37
126.49,126.61,126.9,16.58,6.756,15.127,0.33
126.74,126.48,126.79,13.246,6.873,11.889,0.44
126.68,126.52,126.08,12.924,7.029,11.875,0.4
126.15,126.33,126.6,9.936,6.989,9.949,0.4
126.53,125.55,126.02,13.958,6.831,13.854,0.36
126.53,125.96,126.07,15.746,6.888,14.28,0.27
125.9,125.36,125.56,32.364,24.791,32.597,0.41
126.11,125.73,126.32,26.357,16.352,25.499,0.37
126.85,126.18,126.3,14.267,6.942,13.129,0.38
125.59,126.7,126.27,18.817,7.021,17.319,0.26
126.46,125.93,126.97,12.132,6.941,10.517,0.36
127.14,125.85,126.11,13.564,6.808,12.296,0.41
127.2,126.56,127,13.29,6.805,11.849,0.32
126.82,126.64,126.86,9.581,6.714,9.614,0.53
127.07,126.84,126.75,4.908,6.565,5.547,0.79
127.79,126.51,127.13,6.416,6.402,5.422,0.6
127.85,126.67,127.88,5.713,6.384,4.824,0.67
127.01,125.7,126.16,22.23,22.807,21.389,0.51
127.71,126.22,126.88,16.195,17.722,15.218,0.53
127.83,126.64,127.88,6.622,6.347,5.572,0.55
128.49,127.02,127.6,5.601,6.415,5.308,0.79
127.85,127.42,127.31,10.595,6.481,10.137,0.68
126.91,127.52,127.76,9.78,6.285,9.299,0.66
127.9,127.29,127.95,8.937,6.414,7.685,0.51
128.43,127.5,127.74,4.418,6.434,3.54,0.58
126.89,127.23,128.53,12.47,6.207,3.843,0.59
126.32,127.53,127.83,18.879,6.304,7.397,0.39
125.83,127.37,127.02,23.116,6.006,11.815,0.37
126.3,126.95,127.36,21.245,6.003,9.908,0.33
126.42,127.38,127.39,15.408,6.106,8.143,0.47
125.96,126.48,125.45,35.226,28.928,34.816,0.42
127.62,127.81,127.73,12.612,6.063,11.835,0.44
127.6,128.15,127.28,21.237,6.132,20.048,0.31
128.01,127.41,127.01,12.584,6.219,11.658,0.37
127.7,127.76,127.28,5.529,6.123,5.215,0.67
127.5,127.68,127.59,4.661,5.9,4.536,0.71
128.03,127.66,126.71,5.443,6.002,6.189,0.84
127.99,127.7,127.6,4.514,6.199,4.223,0.79
128.43,127.63,127.88,4.534,6.113,3.765,0.56
127.96,127.88,127.75,7.047,6.174,6.266,0.55
128.65,127.59,128.11,5.9,6.216,4.891,0.56
126.7,126.42,126.53,33.137,29.131,32.463,0.41
128.23,127.66,127.52,9.803,6.068,7.794,0.21
127.28,128.35,127.41,16.88,6.021,15.702,0.36
128.21,127.97,128.08,10.614,5.899,9.344,0.43
128.42,127.95,127.36,11.462,6.051,10.2,0.43
128.28,127.93,127.48,11.765,5.984,9.825,0.31
127.72,128.13,128.53,8.882,5.798,6.649,0.26
128.23,127.55,127.75,9.379,5.737,7.279,0.3
128.43,128.15,127.95,7.397,6.19,6.324,0.57
127.55,126.75,127.29,26.943,29.987,25.38,0.51
128.75,128.01,128.13,5.935,6.499,4.902,0.58
128.52,128.48,128.18,3.293,6.652,2.891,0.71
128.66,128.03,128.33,5.449,6.412,4.54,0.59
128.63,127.79,128.58,5.095,6.46,4.174,0.61
128.97,128.33,127.92,6.44,6.648,5.361,0.73
128.34,128.35,128.56,4.891,6.407,3.876,0.7
129.17,128.54,128.93,5.533,6.454,4.36,0.61
129.1,128.75,128.71,4.315,6.303,3.323,0.68
129.48,128.42,128.51,3.104,6.601,2.319,0.82
128.6,128.42,129.04,2.954,6.57,2.317,0.82
128.1,127.14,127.05,28.072,29.318,28.178,0.53
128.94,128.6,128.41,7.695,6.414,6.482,0.65
129.05,128.4,128.99,3.036,6.63,2.321,0.82
129.36,128.01,128.46,6.833,6.654,6.217,0.81
129.53,128.63,128.57,4.816,6.772,3.854,0.71
129.54,128.23,129.21,3.144,6.783,2.312,0.82
129.52,128.42,128.94,5.137,6.682,4.487,0.81
129.33,128.65,128.28,10.104,6.799,8.94,0.67
128.83,128.53,128.88,6.954,6.785,5.884,0.69
128.21,128.92,128.76,6.372,6.803,5.959,0.83
129.16,128.56,128.52,7.018,6.754,5.838,0.67
128.88,128.31,129.15,5.048,6.578,4.191,0.65
127.98,126.83,127.93,27.544,29.111,26.284,0.5
128.75,128.61,128.67,4.656,6.692,3.888,0.66
129.55,128.32,129.27,4.163,6.411,3.42,0.7
129.16,128.58,129.46,4.071,6.268,3.4,0.7
129.64,128.58,128.92,6.195,6.427,5.155,0.58
129.07,128.6,129.45,3.509,6.247,2.694,0.64
129.3,128.17,129.62,5.447,6.212,5.053,0.79
129.69,128.64,128.94,6.173,6.311,5.576,0.7
129.52,128.68,129.38,2.762,6.471,1.893,0.81
129.74,128.66,129.81,3.892,6.617,4.128,0.79
128.98,129.24,126.88,11.309,11.675,31.08,0.98
128.37,127.45,125.78,26.732,32.91,48.236,0.87
129.33,128.51,126.97,12.629,11.608,33.701,0.98
128.97,128.27,126.48,13.54,11.764,34.184,0.97
128.42,128.68,126.18,13.347,11.746,33.975,0.98
127.95,128.93,126.72,17.694,11.76,34.059,0.97
128,128.87,126.04,21.194,11.88,33.997,0.98
127.64,129.14,126.33,18.915,11.091,32.799,0.99
126.65,129.65,126.51,20.036,6.723,33.233,0.98
126.84,129.84,125.86,21.687,6.846,34.216,0.98
127.79,128.81,125.67,20.44,19.215,40.189,0.91
128.3,127.68,126.07,21.512,23.402,42.244,0.9
128.88,128.8,126.44,11.159,6.631,32.651,0.98
128.51,129.22,126.45,11.22,6.7,32.639,0.98
128.53,129.09,126.86,13.025,6.599,33.622,0.98
128.81,129.54,126,12.212,6.731,33.096,0.98
129.06,129.08,126.64,11.118,6.641,32.592,0.98
129.17,129.23,126.73,11.102,6.588,32.573,0.98
129.24,129.15,126.41,12.164,6.662,33.113,0.98
128.95,129.55,126.21,12.963,6.768,33.462,0.98
128.35,128.91,126.15,23.904,24.319,44.019,0.88
129.02,129.57,126.15,20.559,20.105,41.349,0.91
129.22,129.65,125.98,11.075,6.724,32.437,0.98
128.76,129.43,126.74,11.928,6.485,32.895,0.98
129.03,129.73,126.54,11.123,6.501,32.5,0.98
129.43,129.89,126.28,11.616,6.529,32.747,0.98
129.15,129.39,126.59,11.085,6.395,32.496,0.98
128.89,129.69,126.48,11.127,6.484,32.502,0.98
128.93,129.97,126.28,11.117,6.373,32.479,0.98
129.54,129.77,126.61,13.79,10.448,34.295,0.96
128.39,128.94,126,25.257,28.965,46.261,0.87
128.82,129.48,126.08,12.017,6.288,32.853,0.98
128.98,129.43,125.78,11.088,6.26,32.361,0.98
128.65,129.37,126.48,12.559,6.328,33.153,0.98
128.7,129.13,126.18,12.313,6.22,33.083,0.98
128.13,129.74,126.16,11.186,6.314,32.38,0.98
129.08,129.67,126.51,11.07,6.302,32.389,0.98
128.92,129.56,126.75,11.461,6.281,32.58,0.98
128.82,129.59,126.05,12.721,6.29,33.203,0.98
128.1,128.75,125.63,21.703,24.011,42.218,0.89
128.73,128.87,126.54,17.977,18.453,38.404,0.92
128.75,129.49,126.32,11.099,6.222,32.399,0.98
129.08,129.55,126.47,11.062,6.273,32.41,0.98
128.7,129.87,126.88,11.101,6.305,32.444,0.98
129.36,129.19,126.82,11.029,6.16,32.478,0.98
129.12,129.47,126.26,11.053,6.312,32.423,0.98
128.94,129.39,126.59,11.078,6.211,32.476,0.98
128.25,129.52,126.71,11.182,6.209,32.507,0.98
128.61,129.56,125.94,11.124,6.269,32.437,0.98
127.9,127.17,125.32,26.601,29.478,47.807,0.86
128.8,129.07,126.63,11.101,6.157,32.456,0.98
128.34,129.62,126.21,13.131,6.326,32.444,0.98
127.87,129.77,126.75,18.949,6.348,32.465,0.98
127.9,129.65,127.02,18.893,6.588,32.466,0.98
127.62,129.95,126.98,18.895,6.792,32.452,0.98
127.84,129.78,126.58,18.877,6.671,32.414,0.98
128.68,129.11,126.99,14.436,6.379,32.429,0.98
129.19,129.1,127.03,11.07,6.369,32.464,0.98
128.89,129.17,125.81,17.938,18.615,38.2,0.92
128.44,128.93,126.04,22.173,24.826,42.999,0.89
128.8,130.08,126.94,11.124,6.337,32.467,0.98
129.27,129.83,126.52,11.062,6.32,32.416,0.98
129.41,129.56,126.51,11.041,6.252,32.407,0.98
129.31,129.56,126.81,11.066,6.272,32.452,0.98
129.19,129.95,126.87,11.107,6.395,32.481,0.98
129.42,129.46,126.44,11.045,6.282,32.401,0.98
128.71,129.6,127.18,11.143,6.289,32.464,0.98
129.06,129.77,127.03,11.084,6.319,32.44,0.98
128.16,128.34,125.2,27.832,30.347,48.717,0.86
129.43,129.73,127.14,11.034,6.734,32.435,0.98
129.22,129.01,126.82,11.043,6.567,32.405,0.98
129.27,129.59,126.78,11.073,6.46,32.419,0.98
128.84,129.79,126.51,11.094,6.504,32.407,0.98
128.91,129.65,126.85,11.065,6.485,32.423,0.98
129.15,129.71,126.95,11.086,6.451,32.471,0.98
129.55,129.33,126.42,11.025,6.241,32.421,0.98
129.17,129.62,127.09,11.087,6.348,32.486,0.98
128.27,128.33,126.09,27.568,29.496,48.57,0.85
129.39,129.78,126.52,12.26,9.143,33.336,0.97
128.99,129.6,126.71,11.095,6.297,32.425,0.98
129.12,129.51,126.83,11.093,6.274,32.447,0.98
129.32,129.43,126.88,11.078,6.257,32.503,0.98
129.02,129.77,126.51,11.116,6.371,32.484,0.98
128.34,130.02,127.09,11.204,6.331,32.529,0.98
129.47,129.59,127.18,11.05,6.29,32.503,0.98
129.64,129.96,126.7,11.026,6.362,32.444,0.98
128.56,128.75,126.67,24.776,27.94,45.713,0.87
129.44,129.21,127.3,14.517,13.147,35.256,0.95
129.07,129.73,126.87,11.068,6.385,32.433,0.98
129.15,129.43,127,11.054,6.254,32.42,0.98
129.23,129.19,127.17,11.033,6.203,32.432,0.98
129.17,129.03,127.05,11.054,6.195,32.444,0.98
129.2,129.08,126.63,11.05,6.289,32.405,0.98
128.91,129.44,127.3,11.105,6.309,32.476,0.98
128.94,129.55,127.06,11.097,6.346,32.448,0.98
128.34,128.27,125.78,27.593,28.642,46.191,0.87
128.26,129.85,127.77,20.736,10.586,34.033,0.97
128.44,129.7,127.63,18.847,6.35,32.484,0.98
128.11,129.62,127.2,18.871,6.298,32.478,0.98
127.81,129.68,127.09,18.868,6.293,32.457,0.98
128.52,129.32,127.21,14.49,6.249,32.454,0.98
129.12,128.83,126.7,11.047,6.125,32.408,0.98
129.45,128.79,126.63,11.047,6.093,32.44,0.98
129.03,129,127.2,11.105,6.151,32.466,0.98
127.78,128.05,125.65,26.146,29.674,47.285,0.87
128.62,129.13,126.58,11.148,6.198,32.448,0.98
129.35,129.01,127.26,11.079,6.157,32.503,0.98
129.42,129.24,127.4,11.06,6.234,32.531,0.98
129.62,129.63,127.01,11.061,6.318,32.536,0.98
129.48,129.39,127.01,11.06,6.253,32.488,0.98
129.11,129.24,127.32,11.111,6.241,32.515,0.98
128.36,129.35,126.59,11.18,6.258,32.464,0.98
129.14,129.24,126.8,13.296,10.738,33.976,0.96
128.09,128.28,125.98,25.508,29.113,46.689,0.87
129.25,129.91,126.74,11.112,6.778,32.525,0.98
129.28,129.61,126.29,11.084,6.509,32.484,0.98
129.14,129.76,126.71,11.105,6.502,32.578,0.98
128.13,130.11,126.94,11.244,6.581,32.634,0.98
128.98,129.57,125.95,11.117,6.486,32.51,0.98
128.75,129.02,126.29,11.126,6.326,32.49,0.98
127.84,129.13,126.37,11.231,6.219,32.511,0.98
127.54,128.33,125.39,21.697,23.585,42.135,0.9
127.55,128.52,125.43,18.565,19.451,39.127,0.92
128.06,129.12,126.21,11.202,6.215,32.487,0.98
127.82,129.04,126.14,11.218,6.186,32.471,0.98
128.46,128.82,125.88,11.155,6.186,32.472,0.98
128.36,128.91,125.83,14.824,6.273,35.355,0.98
127.94,128.68,126.16,11.933,6.18,32.998,0.98
128.26,128.7,125.54,11.145,6.17,32.43,0.98
128.2,128.69,125.63,11.161,6.166,32.443,0.98
126.57,127.58,124.75,27.017,29.733,48.324,0.87
127.12,128.61,125.72,11.314,6.167,32.487,0.98
128.21,128.45,125.4,11.193,6.102,32.47,0.98
127.45,128.75,125.76,11.31,6.16,32.542,0.98
127.83,128.86,126.1,12.486,6.192,33.23,0.98
128.01,128.99,125.6,11.266,6.207,32.552,0.98
127.72,128.66,125.5,11.279,6.145,32.514,0.99
127.79,127.95,125.71,12.25,6.235,33.282,0.98
125.49,127.13,124.09,30.482,29.913,51.503,0.87
126.65,128.52,125.29,20.293,6.616,33.19,0.98
125.8,128.49,125.12,22.026,6.618,34.314,0.98
125.99,128.13,125.3,23.508,6.555,35.841,0.98
126.18,127.91,124.85,21.977,6.499,34.652,0.98
127.33,127.72,124.74,14.948,6.475,33.7,0.98
126.67,128.04,124.84,14.645,6.499,35.302,0.98
126.59,126.91,126.4,18.409,18.215,24.02,0.75
127.32,126.98,127.03,26.364,25.322,28.735,0.53
128.62,127.58,127.99,5.374,6.011,4.651,0.57
128.19,127.81,128.76,4.954,6.062,4.647,0.72
127.87,127.73,127.75,12.381,6.251,11.829,0.62
128.17,127.57,127.56,6.678,6.099,5.971,0.63
127.58,127.33,127.28,10.71,6.165,10.432,0.66
126.6,126.51,126.9,23.285,25.76,22.565,0.52
127.9,127.39,127.89,13.66,15.402,13.111,0.53
128.24,127.43,127.68,4.112,6.035,3.669,0.64
127.51,127.4,127.81,7.772,6.052,6.71,0.51
126.92,127.17,127.2,10.283,6.169,9.848,0.62
127.48,126.71,126.63,8.214,6.016,8.452,0.73
126.44,126.91,126.58,8.325,6.105,10.127,0.73
124.38,125.38,124.71,38.288,27.321,41.789,0.47
125.25,126.41,125.07,27.325,14.122,30.695,0.49
125.2,126.77,125.17,25.08,6.134,25.437,0.44
125.63,126.58,125.85,20.9,6.23,22.028,0.47
125.6,126.48,125.36,19.841,6.027,21.724,0.53
126.67,126.52,126.1,14.103,5.956,13.842,0.41
125.41,126.34,126.13,23.726,15.546,23.091,0.42
125.66,125.58,125.55,29.57,27.514,29.618,0.47
126.73,126.8,126.47,10.547,6.408,10.876,0.55
126.59,126.74,126.17,10.733,6.408,9.582,0.37
126.64,126.7,127.03,5.95,6.982,4.761,0.4
126.96,126.46,126.69,4.084,7.326,3.848,0.68
126.79,126.87,126.01,6.109,7.225,8.069,0.73
127.46,126.74,127.04,5.817,7.366,6.861,0.76
127.92,127.12,127.38,7.354,10.033,8.156,0.59
126.37,125.4,125.49,27.154,31.081,26.971,0.55
127.26,126.23,126.09,8.239,6.75,11.733,0.78
126.97,126.59,126.66,7.657,6.353,8.81,0.68
127.44,126.58,126.79,3.955,6.283,4.213,0.73
126.91,126.44,126.58,5.457,6.141,4.946,0.63
125.33,126.99,127.08,10.176,6.062,3.666,0.7
125.09,126.03,125.85,26.083,21.788,20.603,0.6
124.14,125.97,125.59,31.414,19.28,22.727,0.52
124.34,126.59,125.82,31.049,6.209,22.236,0.47
124.11,126.66,125.64,33.423,6.454,24.949,0.5
125.05,126.12,124.33,30.734,8.338,31.534,0.51
124.54,124.89,124.48,31.025,28.558,33.777,0.52
125.89,125.9,126.22,9.356,6.325,9.23,0.75
126.13,126.31,125.91,9.173,6.211,9.019,0.74
127.14,127.13,126.98,7.967,6.377,7.879,0.78
126.93,127.1,127.18,7.651,6.244,7.6,0.8
127.16,127.53,127.28,9.293,6.704,8.873,0.7
128.52,127.76,128.05,4.84,6.847,4.334,0.64
128.05,128.05,128.5,3.506,7.146,3.123,0.69
127.31,126.2,127.44,27.018,29.518,26.897,0.5
128.3,127.91,128.17,4.419,7.155,3.88,0.63
128.71,127.78,128.81,3.804,7.141,3.264,0.69
127.58,128.06,128.63,4.567,7.262,4.072,0.61
127.57,127.77,127.67,6.29,7.376,5.557,0.67
127.31,127.79,128.46,7.002,7.06,6.249,0.61
127.4,127.89,128.33,3.901,7.24,4.166,0.74
127.65,128.04,127.26,10.399,7.051,11.957,0.55
126.5,127.76,127.25,21.961,15.542,23.079,0.47
125.86,126.88,126.81,32.403,27.089,34.76,0.47
127.36,127.72,127.67,18.036,7.044,16.739,0.33
126.99,127.84,127.78,18.527,6.799,17.398,0.33
126.21,127.61,127.55,22.281,6.58,21.281,0.35
127.05,127.5,127.06,16.158,6.618,14.771,0.31
126.51,127.78,127.33,13.502,6.646,12.426,0.42
127.11,127.36,128.1,13.206,6.561,11.616,0.36
126.13,126.59,126.45,30.943,29.776,30.158,0.45
127.52,128.11,128.32,10.035,6.708,8.209,0.26
127.01,127.8,127.92,18.257,7.24,16.944,0.34
127.07,127.84,127.53,20.644,7.354,19.605,0.37
126.62,127.96,127.56,23.78,7.488,17.877,0.36
125.5,127.42,127.87,29.841,7.099,19.675,0.39
125.99,127.74,127.81,24.302,7.294,13.831,0.38
126.28,127.73,127.42,28.938,7.342,18.971,0.38
125.63,127.76,128.33,26.222,15.919,16.709,0.4
126.31,126.84,126.68,33.587,26.524,29.766,0.44
127.69,128.25,128.08,11.766,7.253,10.864,0.36
128.12,127.41,128.08,19.802,7.063,19.058,0.42
128.01,127.8,127.64,23.492,7.19,22.883,0.39
128.56,128.25,128.18,11.261,7.023,9.166,0.26
128.21,128.06,127.98,11.438,6.693,9.343,0.25
127.89,127.86,127.49,11.661,6.591,9.793,0.29
127.46,127.55,126.33,24.195,6.57,23.873,0.39
126.09,126.36,126.07,33.907,29.873,35.327,0.44
126.56,128.36,127.03,16.323,6.9,15.008,0.37
126.78,128.28,126.73,21.204,6.681,20.178,0.36
126.47,127.62,127.59,26.139,6.513,25.327,0.37
127.69,127.33,127.42,21.511,6.6,20.612,0.35
126.86,127.83,127.17,19.171,6.618,18.199,0.35
127.64,128.1,127.86,14.076,6.372,12.979,0.37
127.75,128.5,127.84,17.585,6.43,16.581,0.37
126.89,127.05,126.48,34.026,28.621,34.133,0.42
126.95,127.29,126.51,27.374,9.648,26.993,0.37
127.69,127.45,128.04,11.114,6.003,10.062,0.25
127.72,127.79,126.74,11.316,5.926,11.605,0.34
127.12,127.77,127.12,12.568,6.237,12.522,0.31
127.19,128.04,127.37,20.647,6.469,20.086,0.36
128.01,127.76,127.09,18.987,6.666,18.845,0.38
128.46,127.45,127.62,9.136,6.559,7.52,0.36
127.62,127.89,128.19,14.382,13.226,13.208,0.38
126.66,127.18,126.48,29.258,27.64,28.295,0.42
128.04,127.96,128.02,10.149,6.334,8.208,0.16
127.9,128.33,128.2,9.303,6.439,7.291,0.14
128.65,127.86,128.01,8.873,6.409,6.675,0.11
128.08,127.79,128.01,8.793,6.18,6.655,0.1
127.6,128.24,128.3,8.694,6.201,6.633,0.11
128.37,128.22,127.89,5.017,5.829,4.159,0.54
128.57,128.18,127.83,6.272,6.08,6.81,0.74
128.4,128.65,128.55,5.041,6.227,5.995,0.79
127.82,126.95,126.56,26.382,29.341,26.405,0.55
128.19,128.13,128.23,6.106,6.036,6.224,0.68
128.55,128.15,128.59,3.606,6.343,2.824,0.61
127.94,128.4,127.95,10.496,6.681,5.357,0.72
127.54,128.47,128.53,14.452,6.886,5.189,0.72
127,129,128.83,21.04,7.026,9.78,0.38
128.22,128.56,128.73,14.589,7.11,4.635,0.66
128.1,128.53,128.64,17.521,6.942,7.127,0.63
128.81,128.89,129.38,13.074,6.94,5.078,0.64
128.74,127.71,127.56,25.613,29.022,24.228,0.5
128.96,128.48,129.2,7.927,10.829,7.481,0.54
128.95,128.6,129.21,2.744,6.72,2.342,0.83
129.43,128.62,128.99,2.78,6.826,2.649,0.83
129.72,128.52,129.42,4.011,6.612,3.589,0.69
129.26,128.89,129.24,7.456,6.645,7.406,0.8
129.71,128.66,128.6,8.393,6.819,8.474,0.8
129.68,128.85,129.48,6.869,7.068,6.66,0.73
128.65,127.14,128.18,31.457,34.732,31.504,0.52
130.38,128.83,129.48,4.778,7.08,4.488,0.69
130.25,128.62,129.73,4.546,7.076,4.227,0.68
130.2,129.11,130.07,2.914,6.861,3.534,0.81
129.93,128.64,128.69,5.173,6.772,5.089,0.7
129.31,128.6,129.16,8.101,6.88,8.491,0.77
128.5,128.98,129.28,7.134,8.937,7.408,0.65
128.19,127.36,127.64,28.192,29.928,28.467,0.52
129.42,128.98,129.26,4.388,7.577,4.398,0.72
129.68,128.98,129.38,3.71,6.9,3.927,0.74
129.38,129.54,129.04,2.774,6.719,3.361,0.81
129.49,129.4,129.41,3.989,6.477,4.012,0.72
129.79,129.16,129.73,4.72,6.332,4.395,0.67
129.96,128.99,128.69,9.4,6.745,8.856,0.65
128.75,127.85,128.55,27.166,28.608,28.017,0.53
129.55,129.18,129.76,9.492,12.408,9.301,0.55
130.43,129.45,129.49,4.822,7.037,4.262,0.65
129.71,129.64,129.99,6.22,6.941,5.315,0.58
129.72,129.84,129.76,6.298,7.236,5.431,0.58
130.03,129.81,128.46,7.34,7.265,20.215,0.96
129.2,130.54,127.14,13.48,7.188,32.74,0.98
128.63,130.53,127.22,20.043,7.149,33.402,0.98
127.78,130.17,126.08,25.532,14.173,37.548,0.93
127.13,128.84,125.95,34.907,28.299,47.831,0.86
127.87,129.97,126.28,20.576,7.013,34.654,0.98
128.59,129.82,126.24,14.81,6.733,32.296,0.98
129.43,129.9,126.4,11.374,6.717,33.602,0.98
128.49,130.22,126.6,10.675,6.727,32.519,0.98
129.53,129.7,126.05,12.37,6.807,34.056,0.98
129.1,130.04,126.82,11.354,6.904,32.963,0.98
129.78,129.78,126.44,11.175,6.708,31.379,0.97
128.3,128.45,125.15,26.703,30.591,46.531,0.86
129.28,129.97,126.77,10.284,6.925,31.15,0.98
129.04,129.99,125.97,10.636,6.904,31.192,0.98
129.37,129.38,126.59,9.816,6.753,30.933,0.98
129.23,129.79,126.75,9.793,6.862,30.824,0.98
129.5,129.99,126.33,9.777,6.915,30.824,0.98
129.8,129.95,126.79,10.77,6.865,32.217,0.98
129.87,129.96,126.81,11.966,6.899,32.954,0.98
130.32,130.11,126.84,10.846,6.95,31.485,0.98
128.5,127.62,125.5,27.31,29.775,47.421,0.85
129.98,128.83,126.7,11.927,6.484,32.929,0.98
130.33,128.58,126.32,11.092,6.435,32.484,0.98
129.95,128.69,126.85,11.129,6.342,32.486,0.98
129.97,128.86,126.63,11.71,6.302,32.821,0.98
130.2,128.65,126.18,11.068,6.234,32.522,0.98
129.25,129.1,126.77,11.587,6.315,32.741,0.98
129.48,129.92,126.37,11.106,6.481,32.455,0.98
129.45,129.13,125.8,18.311,15.754,37.953,0.93
128.8,128.64,125.85,23.389,26.458,44.237,0.88
129.37,129.34,126.32,11.133,6.854,32.435,0.98
129.13,129.06,125.97,11.128,6.705,32.382,0.98
129.53,128.91,126.18,11.078,6.576,32.396,0.98
128.87,129.67,126.54,11.825,6.676,32.834,0.98
128.62,129.55,125.85,11.192,6.588,32.399,0.98
129.04,129.25,126.27,11.106,6.588,32.4,0.98
129.17,129.32,126.45,11.1,6.419,32.409,0.98
128.68,128.53,125.27,21.229,23.299,42.03,0.9
128.29,128.64,125.69,18.888,19.836,40.436,0.92
128.33,128.57,126.1,11.586,6.303,33.969,0.98
128.62,128.58,126.05,11.158,6.268,33.861,0.98
129.39,128.92,125.96,11.061,6.396,34.187,0.98
129.55,129.44,126.79,11.035,6.457,34.364,0.98
129.75,129.71,126.59,11.018,6.471,34.465,0.98
129.7,130.17,126.34,11.007,6.544,34.441,0.98
129.46,130.43,127.31,11.036,6.613,34.428,0.98
129.01,128.61,125.97,21.44,23.183,43.699,0.9
129.34,129.05,125.92,19.274,20.377,41.533,0.92
129.63,130.12,126.91,11.679,6.531,34.355,0.98
128.24,129.69,127.15,18.965,6.468,34.357,0.98
128.68,129.86,126.96,18.909,6.486,34.386,0.98
128.17,130.22,127.32,18.918,6.582,34.432,0.98
128.56,129.56,127.75,18.85,6.599,34.416,0.98
129.37,129.07,126.74,15.346,6.863,34.396,0.98
129.9,129.44,126.85,10.999,6.818,34.411,0.98
129.15,128.53,126.49,21.279,23.095,43.236,0.9
128.98,128.95,126.05,19.544,20.644,41.5,0.91
129.7,129.31,126.93,11.013,6.549,33.825,0.98
129.48,129.67,127.08,11.049,6.605,33.706,0.98
129.37,129.59,126.84,11.054,6.464,32.782,0.98
129.94,129.31,126.64,10.948,6.376,32.633,0.98
129.92,129.37,127.07,10.965,6.384,32.649,0.98
130.13,129.91,127.28,10.959,6.466,32.673,0.98
129.95,129.98,126.61,10.979,6.484,32.645,0.98
128.76,129.15,126.5,22.331,24.501,43.151,0.89
129.59,129.35,126.56,18.363,18.968,39.039,0.92
130.19,129.71,126.71,10.955,6.445,32.65,0.98
130.16,129.08,127.5,10.974,6.281,32.804,0.98
130.07,129.68,127.06,11.001,6.37,34.379,0.98
129.44,129.9,126.5,11.087,6.402,35.136,0.98
129.53,129.96,126.89,11.094,6.401,34.523,0.98
129.89,129.82,127.15,11.031,6.448,34.398,0.98
129.78,129.93,126.67,11.024,6.485,33.993,0.98
128.67,128.53,125.73,26.771,30.328,49.307,0.87
129.34,130.02,127.39,11.067,6.489,34.06,0.98
130.37,130.17,126.92,10.939,6.493,33.223,0.98
130.58,129.82,127.44,10.924,6.408,33.039,0.98
130.2,130.01,127.47,11.006,6.466,33.062,0.98
130.1,129.68,126.84,10.978,6.455,32.987,0.98
130.09,129.73,126.91,10.963,6.391,32.988,0.98
129.86,129.74,126.91,10.99,6.431,33.025,0.98
129.42,129.06,126.73,16.552,16.357,37.629,0.93
128.07,129,125.66,23.225,26.226,44.958,0.89
129.68,129.47,127.14,11.022,6.379,33.062,0.98
129.97,129.66,127.07,10.99,6.425,33.052,0.98
130.06,129.62,126.46,10.994,6.363,33.028,0.98
129.44,129.7,127.13,11.082,6.408,33.078,0.98
128.76,129.77,126.72,11.181,6.392,33.083,0.98
130.12,129.2,126.79,10.965,6.324,33,0.98
129.81,129.73,127.15,11.04,6.433,33.053,0.98
128.47,129.23,126.37,28.036,23.64,42.706,0.9
127.83,129.07,126.16,26.992,20.061,40.174,0.91
127.5,130.03,126.9,19.025,6.512,33.054,0.98
128.31,129.85,127.09,18.928,6.487,33.056,0.98
128.69,129.79,126.56,18.907,6.474,33.033,0.98
129.73,129.27,126.94,11.459,6.386,33.04,0.98
129.19,129.79,126.97,11.1,6.504,33.014,0.98
129.61,129.51,126.3,11.038,6.406,32.969,0.98
129.38,130.18,127.05,11.097,6.517,33.014,0.98
128.83,128.83,125.91,26.83,30.475,48.506,0.86
130.15,130.25,126.64,11.008,6.522,32.977,0.98
129.44,130.45,126.88,11.095,6.554,32.979,0.98
129.94,129.77,127.02,11.021,6.502,32.969,0.98
129.39,130.05,126.66,11.078,6.496,32.933,0.98
129.71,128.93,126.75,11.017,6.311,32.905,0.98
129.45,129.2,127.03,12.468,6.574,33.643,0.97
129.74,129.19,126.64,10.994,6.792,32.859,0.98
129.07,128.44,125.88,21.394,23.117,42.175,0.9
129.04,128.49,126.51,19.722,20.955,40.649,0.91
129.91,128.41,126.91,10.944,6.421,32.859,0.98
129.72,128.98,126.45,11.001,6.453,32.861,0.98
129.47,129.09,126.76,11.046,6.487,32.882,0.98
129.43,129.14,126.97,11.066,6.487,32.907,0.98
129.54,128.82,126.04,11.922,6.733,33.273,0.98
129.23,128.73,126.67,11.326,6.747,32.967,0.98
129.25,128.72,126.65,11.098,6.672,32.869,0.98
128.64,127.03,125.12,26.733,29.897,48.317,0.86
129.55,129.01,126.77,11.073,6.496,32.902,0.98
129.48,128.97,126.67,11.932,6.498,33.339,0.98
129.17,128.88,126.39,11.872,6.477,33.384,0.98
128.8,129.07,126.24,11.269,6.325,32.984,0.98
129.08,128.8,126.57,13.298,6.372,34.109,0.97
128.85,129.05,126.33,11.148,6.274,32.904,0.98
129.56,128.68,125.88,11.037,6.265,32.841,0.98
127.87,127.57,125.07,26.744,30.31,48.458,0.87
129.17,128.83,126.29,11.106,6.237,32.883,0.98
129.29,128.92,125.88,11.098,6.25,32.92,0.98
129.19,128.44,125.68,11.069,6.247,32.909,0.98
128.73,128.25,125.29,11.113,6.153,32.868,0.98
127.99,128.35,125.79,12.66,6.194,33.664,0.98
127.87,128.59,125.74,11.304,6.213,32.977,0.98
128.91,128.47,125.5,11.151,6.166,32.93,0.98
127.14,127.45,124.65,26.68,29.845,48.707,0.87
128.37,128.23,125.59,12.204,6.25,33.449,0.98
128.39,128.36,125.69,11.188,6.165,32.964,0.98
128.03,128.75,125.42,16.36,6.238,32.991,0.98
127.41,128.59,126.14,19.527,6.282,33.246,0.98
126.45,128.65,125.61,20.477,6.298,33.662,0.98
126.98,128.38,125.02,20.645,6.27,34.581,0.98
127.4,128.72,125.34,21.569,6.402,36.281,0.98
127.69,127.18,124.54,26.66,29.642,50.197,0.88
128.15,128.78,125.54,14.01,6.325,36.565,0.97
128,128.57,124.91,13.939,6.315,36.506,0.97
128.52,128.1,124.88,16.274,6.532,37.88,0.96
128.39,128.7,125.76,14.466,6.797,36.409,0.97
128.28,128.85,125.45,14.694,6.865,36.756,0.97
128.49,127.78,126.31,9.477,6.374,25.797,0.97
127.21,126.43,126.27,25.472,27.472,25.709,0.56
127.29,127.26,127.47,11.935,14.053,12.535,0.6
127.64,126.72,127.56,7.323,5.939,7.559,0.7
127.96,126.98,127.21,3.576,6.104,5,0.75
127.9,127.22,127.09,3.897,6.098,5.59,0.75
127.33,127.52,126.54,6.26,5.857,7.544,0.74
127.16,127.56,126.73,4.271,6.067,6.441,0.76
126.58,126.2,125.71,23.637,25.266,26.14,0.57
126.85,126.1,126.59,13.974,16.233,15.712,0.61
127.41,126.64,126.57,7.662,6.561,9.047,0.69
126.83,126.81,125.68,14.452,6.682,14.928,0.45
126.33,126.61,126.49,14.009,6.337,14.251,0.43
126.32,126.42,126.41,10.445,6.278,9.707,0.39
126.51,126.31,126.52,8.68,6.261,7.43,0.35
125.92,126.73,125.49,22.535,6.309,23.63,0.42
126.17,125.99,126.34,12.858,6.296,12.263,0.38
124.85,124.98,124.92,30.981,29.202,33.377,0.51
126.65,126.57,125.86,15.595,6.179,16.197,0.45
126.84,126.56,126.45,11.034,5.927,11.072,0.5
125.99,127.28,126.69,11.259,5.84,11.58,0.53
126.53,126.99,126.77,16.764,5.711,17.078,0.41
125.91,126.93,125.93,21.475,5.976,22.292,0.4
125.75,126.9,126.79,19.26,5.853,9.415,0.38
125.46,127.53,127.73,20.142,5.86,9.489,0.38
125.73,127.6,127.27,30.152,6.062,22.533,0.4
124.99,126.46,125.64,46.681,29.827,41.95,0.47
126.03,127.66,127,29.537,6.301,20.526,0.4
127.06,127.22,127.02,21.543,6.165,21.562,0.41
127.32,126.67,127.39,10.533,6.045,9.511,0.36
127.51,127.14,126.91,8.253,5.924,7.117,0.41
127.44,126.73,127.14,5.469,6.07,6.115,0.71
126.48,127.02,127.4,5.221,6.421,5.953,0.71
127.38,126.49,127.09,5.743,6.259,6.465,0.71
126.96,126.58,126.89,4.944,6.052,6.004,0.73
126.16,125.34,125.95,26.621,29.283,28.561,0.56
127.12,126.6,127.58,4.398,6.331,5.595,0.74
127.04,126.17,126.88,6.665,6.26,7.986,0.76
127.47,126.38,126.71,5.359,6.248,6.24,0.73
126.98,126.72,127.37,2.684,6.118,4.565,0.8
126.61,126.31,126.9,5.938,5.979,6.655,0.72
127.55,126.39,127.02,2.437,6.021,4.425,0.81
127.87,126.59,127.06,2.487,6.135,4.428,0.81
126.88,125.63,126.68,24.868,23.723,26.641,0.5
126.73,126.46,127.35,21.474,18.785,22.064,0.45
127.1,127.31,126.83,23.757,6.529,24.728,0.38
126.27,127.31,126.45,24.26,6.662,25.357,0.4
127.35,126.92,127.51,11.91,6.728,12.221,0.52
126.33,127.16,127.01,19.298,6.816,19.945,0.41
127.09,126.52,126.96,17.272,6.594,17.783,0.44
126.96,126.88,127.14,19.284,6.719,16.429,0.41
125.59,128.22,127.64,27.734,6.865,19.191,0.44
125.26,126.49,126.51,43.564,29.726,39.214,0.47
126.44,127.99,127.21,24.541,6.935,15.691,0.4
125.83,128.25,127.48,31.886,7.005,24.095,0.38
127.08,127.87,128.11,16.322,6.94,8.756,0.73
127.27,127.44,127.82,11.671,6.805,8.953,0.76
128.17,127.41,126.95,6.476,6.937,8.718,0.83
127.92,127.63,127.9,3.977,6.936,5.627,0.77
128,127.52,127.9,5.253,6.927,6.223,0.73
128.01,127.68,127.99,10.845,13.376,11.89,0.58
127.14,126.94,126.57,24.089,27,25.468,0.56
128.56,128.07,128.01,6.167,6.968,6.654,0.7
128.13,128.42,128.52,3.867,6.96,5.087,0.76
129.06,128.05,127.84,6.075,6.911,6.77,0.72
128.48,128.07,127.78,2.699,6.851,4.403,0.81
128.5,128.04,128.12,2.704,6.781,4.313,0.81
128.07,127.7,128.26,5.634,6.866,6.091,0.7
127.86,126.73,126.95,24.328,27.727,25.369,0.54
128.54,127.47,127.63,15.396,17.724,16.049,0.56
128.47,127.52,128.37,7.472,6.815,7.532,0.67
128.96,127.65,128.28,4.418,6.682,5.039,0.73
129.02,128.32,128.22,4.603,6.552,5.222,0.72
128.56,128.5,128.27,4.831,6.525,5.421,0.74
128.93,128.25,128.83,5.783,6.325,6.1,0.73
129.15,128.22,128.75,5.762,6.111,5.925,0.67
129.2,127.99,128.28,7.058,6.127,7.142,0.68
128.93,127.92,128.66,6.015,6.209,6.152,0.7
128.94,127.9,128.56,7.087,6.24,7.162,0.73
128.48,128.22,128.22,11.683,12.738,12.403,0.6
126.68,127.77,127.14,26.026,26.78,25.874,0.56
127.63,128.98,128.97,14.874,6.219,5.797,0.68
127.65,128.74,129.19,12.93,6.257,4.123,0.75
128.03,128.7,128.59,13.656,6.349,4.928,0.75
127.1,129.02,128.34,20.661,6.409,11.974,0.68
128.44,128.41,128.87,12.732,6.361,9.307,0.61
128.6,128.53,128.87,7.218,6.334,7.188,0.65
128.84,128.82,128.09,9.58,6.455,10.38,0.73
128.92,128.22,129.08,4.406,6.196,4.724,0.76
129.11,128.86,129.34,6.278,6.382,6.3,0.66
129.27,128.75,129.19,5.034,6.313,5.181,0.68
129.07,128.52,128.84,5.542,6.087,5.6,0.67
129.39,128.56,129.41,7.992,6.195,7.85,0.63
128.26,127.02,128.27,27.68,27.965,32.285,0.55
129.07,128.35,128.24,13.165,10.778,14.452,0.65
129.14,128.54,128.56,9.854,6.531,10.733,0.74
128.41,128.66,128.56,12.74,6.215,13.425,0.69
128.79,128.6,129.16,4.795,6.292,5.063,0.74
129.72,128.51,128.82,4.356,6.31,4.557,0.72
129.4,128.44,129.32,3.652,6.16,4.081,0.75
129.85,128.11,129.87,4.163,5.959,4.396,0.73
129.23,128.79,128.73,2.815,6.104,3.496,0.82
129.01,128.75,129.04,4.62,6.088,4.871,0.69
129.61,128.42,129.42,2.89,5.976,3.501,0.82
129.63,128.57,129.18,4.212,5.933,4.534,0.82
129.29,127.72,128.27,18.608,20.947,19.225,0.52
128.22,128.2,128.52,18.574,21.016,19.291,0.53
129.21,128.54,129.52,2.824,6.077,3.488,0.83
129.73,128.34,129.26,2.903,5.987,3.494,0.82
129.9,128.58,129.11,3.76,6.063,3.479,0.82
128.18,129.36,129.26,12.512,6.233,3.48,0.83
127.55,129.23,129.41,12.855,6.215,4.043,0.76
128.15,129.12,128.7,14.088,6.148,5.012,0.7
127.92,129.43,128.91,14.645,6.279,5.478,0.68
128.58,129.22,129.59,10.985,6.399,3.47,0.83
129.36,128.47,129.23,3.77,6.201,4.147,0.75
129.81,129.5,128.78,4.024,6.258,4.29,0.74
128.7,128.53,128.12,25.811,28.278,27.363,0.53
129.74,129.36,129.24,10.617,11.424,11.526,0.6
129.77,129.8,128.94,2.922,6.543,3.474,0.83
130.19,129.33,129.09,3.002,6.318,3.468,0.83
129.95,129.34,129.38,7.173,6.206,7.133,0.65
130,128.86,129.88,5.653,6.211,5.802,0.71
130.49,128.7,129.01,5.108,6.107,5.517,0.75
130.2,129.3,129.5,3.872,6.144,5.04,0.87
130.26,129.38,129.81,3.022,6.026,4.415,0.88
130.35,129.29,129.57,3.047,5.981,4.397,0.88
130.08,129.42,129.12,4.06,6.018,4.367,0.74
128.53,129.18,129.54,10.785,12.58,11.451,0.54
128.59,128.17,128.37,25.611,27.593,27.327,0.54
130.48,128.94,129.31,3.817,6.114,5.056,0.84
130.32,129.31,129.21,6.579,6.477,7.106,0.76
129.81,129.45,129.86,2.983,6.416,4.433,0.88
129.35,129.59,129.64,2.858,6.442,4.425,0.88
130.56,129.45,129.38,3.068,6.418,4.422,0.88
129.99,129.11,129.4,4.23,6.126,5.223,0.81
129.28,128.84,128.97,4.778,6.113,5.73,0.78
129.08,129.26,128.96,4.985,6.111,5.918,0.77
128.88,128.15,128.21,6.276,6.244,6.905,0.73
128.7,128.07,127.72,15.089,17.332,28.29,0.85
127.88,127.99,125.62,23.532,25.789,43.527,0.86
128.84,128.65,126.03,13.514,7.161,31.347,0.97
127.65,128.55,126.54,13.879,6.998,31.504,0.97
126.45,128.64,126.88,20.454,7.037,30.784,0.97
126.9,128.17,126.36,21.111,6.899,31.014,0.97
126.81,127.92,126.17,19.906,6.843,30.351,0.98
126.53,128,126.49,22.234,6.825,31.837,0.97
126.28,128.34,126.47,17.788,6.722,30.366,0.98
127.59,128.19,125.81,11.568,6.678,30.008,0.98
127.52,127.94,125.55,12.568,6.649,30.621,0.98
126.08,126.58,124.69,26.807,29.906,47.823,0.84
127.68,127.82,125.79,13.442,6.665,31.138,0.97
127.16,128.03,125.53,13.892,6.954,31.737,0.97
128.03,127.34,126.05,11.445,7.166,29.829,0.98
128.1,127.9,126.6,12.191,7.231,30.281,0.98
128.28,127.82,126.06,14.169,7.235,31.56,0.96
128.44,128.15,126.35,11.406,7.271,29.825,0.98
127.61,128.48,126.31,12.832,7.378,30.825,0.98
127.82,128.5,126.68,13.379,7.386,31.162,0.97
128.21,128.51,126.03,11.397,7.457,29.796,0.98
128.52,128.39,126.28,13.907,12.247,32.031,0.95
126.94,126.95,125.38,25.827,28.724,46.368,0.85
127.68,128.54,125.77,14.763,7.27,31.889,0.96
128.68,128.85,126.12,11.349,7.374,29.772,0.98
128.09,129.11,126.99,11.419,7.356,29.764,0.98
128.6,128.86,126.69,11.336,7.293,29.754,0.98
128.73,128.87,126.37,11.327,7.142,29.764,0.98
128.88,128.77,126.51,11.304,7.093,29.784,0.98
128.74,128.66,127.03,15.579,7.325,32.991,0.96
128.92,129.37,126.81,12.88,7.473,30.849,0.97
129.38,129.54,126.79,11.23,7.428,29.742,0.98
128.61,128.92,126.25,20.776,23.395,40.043,0.87
128.48,129.13,126.75,20.184,21.48,39.103,0.88
129.56,129.9,127.18,11.239,7.262,29.802,0.98
129.62,129.76,127.03,12.196,7.291,30.347,0.97
129.63,129.93,127.51,11.246,7.232,29.79,0.98
128.85,129.67,127.51,11.576,7.053,30.029,0.98
129.28,129.82,127.52,13.66,7.219,31.29,0.96
128.99,129.72,126.86,12.062,7.517,30.286,0.97
128.52,129.5,127.39,11.337,7.454,29.818,0.98
128.7,129.62,127.54,11.317,7.341,29.717,0.98
128.68,130.01,127.22,14.514,7.373,29.73,0.98
127.38,128.41,126.43,34.888,30.989,47.053,0.84
127.93,130.12,128.09,19.087,7.497,29.785,0.98
127.71,130.08,127.81,19.098,7.268,29.822,0.98
128.06,129.6,127.18,19.016,7.1,29.792,0.98
128.87,129.78,127.38,14.252,7.134,29.782,0.98
128.76,129.81,127.58,11.313,7.109,29.808,0.98
129.23,129.79,127.98,11.249,7.084,29.786,0.98
129.16,130.08,127.08,11.268,7.225,29.762,0.98
129.84,129.28,127.9,11.194,6.992,29.798,0.98
129.36,130.06,127.96,11.248,7.139,29.766,0.98
128.79,129.42,127.47,21.328,23.861,40.564,0.87
128.71,129.18,126.7,19.475,21.289,38.425,0.89
129.06,129.68,127.52,11.879,7.278,30.114,0.97
128.91,129.69,127.63,11.283,7.557,29.766,0.98
128.81,129.19,127.33,11.255,7.386,29.718,0.98
129.5,129.05,127.32,11.198,7.332,29.751,0.98
128.87,129.87,127.46,11.274,7.496,29.758,0.98
129.48,129.75,128.22,11.242,7.225,29.803,0.98
129.09,129.72,127.74,11.881,7.238,30.178,0.98
129.78,129.76,127.79,11.218,7.327,29.854,0.98
128.64,127.96,127.06,23.963,27.086,44.044,0.85
128.89,128.71,127.37,16.246,15.723,34.689,0.92
128.91,129.23,127.5,11.282,6.977,29.816,0.98
129.02,128.88,126.84,12.013,6.898,30.22,0.97
129.03,129,127.74,11.241,6.935,29.728,0.98
129.15,129.14,127.63,11.237,6.998,29.728,0.98
128.82,129.11,127.31,11.283,6.961,29.797,0.98
129.22,129.25,127.47,11.255,6.976,29.83,0.98
129.09,129.66,127.87,11.268,7.068,29.789,0.98
129.12,128.9,128,11.248,6.893,29.795,0.98
128.42,128.8,126.69,19.634,20.989,38.479,0.88
128.81,128.73,126.91,20.981,23.139,40.315,0.87
129,129.4,127.92,11.312,7.036,29.888,0.98
129.44,129.29,127.92,11.236,6.98,29.799,0.98
129.42,129.7,127.45,11.257,7.065,29.763,0.98
129.47,129.41,127.14,11.231,7.001,29.689,0.98
129.44,129.39,128.07,11.258,6.986,29.742,0.98
129.62,129.65,127.93,11.252,7.052,29.666,0.98
129.79,129.96,127.8,11.215,7.165,29.611,0.98
128.73,130.08,127.76,18.029,7.169,29.606,0.98
128.36,129.79,127.98,19.022,7.128,29.604,0.98
126.74,128.73,126.99,34.951,30.987,47.274,0.84
127.48,130.23,127.42,19.068,7.211,29.594,0.98
128.77,130.26,127.57,17.585,7.217,29.579,0.98
129.67,129.77,127.84,11.215,7.157,29.579,0.98
129.74,130.23,128.05,11.233,7.173,29.592,0.98
129.46,129.99,127.59,11.244,7.077,29.564,0.98
129.72,129.78,127.33,11.19,7.044,29.533,0.98
129.72,130.29,128.21,11.192,7.182,29.576,0.98
129.56,129.88,127.98,11.187,7.105,29.558,0.98
129.28,129.57,127.68,11.207,7.069,29.523,0.98
127.91,128.26,126.02,26.303,30.897,47.012,0.84
129.23,129.55,127.77,11.233,7.027,29.537,0.98
129.51,129.57,128.01,11.201,7.015,29.579,0.98
129.72,129.58,127.55,11.181,7.053,29.587,0.98
129.6,129.95,127.62,11.206,7.109,29.603,0.98
129.12,129.84,127.82,11.231,7.137,29.565,0.98
128.95,129.7,128.03,11.247,7.085,29.594,0.98
130.02,129.65,127.79,11.125,7.08,29.574,0.98
130.2,130.15,127.9,11.143,7.152,29.613,0.98
129.63,130.07,128.33,11.217,7.15,29.614,0.98
128.32,128.77,127.01,26.539,30.926,47.138,0.83
130.03,129.95,128.04,11.408,7.739,29.832,0.98
130.27,130.24,127.78,11.123,7.191,29.607,0.98
129.53,130.46,128.6,11.235,7.232,29.651,0.98
130.02,130.05,128.46,11.166,7.132,29.639,0.98
130.09,130.2,127.93,11.137,7.184,29.604,0.98
130.16,130.04,127.9,11.119,7.165,29.606,0.98
129.95,130.01,128.29,11.149,7.204,29.616,0.98
129.86,130.18,128.44,11.181,7.193,29.637,0.98
129.57,130.09,127.42,11.169,7.517,29.58,0.98
128.26,128.71,126.52,26.434,31.143,46.999,0.83
129.72,129.37,127.83,11.303,7.73,29.701,0.98
129.67,130.03,128.3,13.125,7.377,30.843,0.96
129.9,129.67,127.58,11.126,7.294,29.593,0.98
129.96,130.22,127.93,11.153,7.405,29.617,0.98
129.97,130.03,128.41,11.153,7.272,29.641,0.98
129.4,129.87,128.51,11.192,7.132,29.596,0.98
129.61,129.7,127.82,11.168,7.091,29.585,0.98
129.92,129.72,127.9,11.14,7.107,29.575,0.98
129.83,129.7,128.54,11.154,7.078,29.566,0.98
128.57,128.93,127.43,29.055,31.313,47.363,0.83
128.78,130.21,128.28,20.667,7.214,30.544,0.97
128.91,130.1,128.03,19.022,7.18,29.563,0.98
128.73,130.15,128.85,18.993,7.164,29.632,0.98
128.42,129.74,128.09,18.967,7.112,29.556,0.98
129.21,129.4,127.7,14.31,7.033,29.565,0.98
129.44,129.32,127.28,13.752,7.103,31.32,0.97
129.25,129.3,128.05,11.213,7.002,29.558,0.98
129.19,129.32,127.68,11.223,7.01,29.549,0.98
127.89,128.93,126.85,20.633,23.036,39.84,0.87
127.86,129.1,126.68,20.187,21.546,39.099,0.88
128.99,129.54,127.89,12.065,7.051,30.077,0.97
128.46,129.82,127.58,11.299,7.152,29.588,0.98
128.98,129.42,127.28,11.884,7.025,29.957,0.98
128.48,129.78,126.92,11.293,7.119,29.568,0.98
128.86,129.34,127.25,12.036,7.025,30.035,0.97
128.24,129.09,127.23,12.219,6.985,30.123,0.97
128.35,129.38,126.75,12.127,7.037,30.017,0.97
128.27,129.54,126.76,11.333,7.094,29.55,0.98
128.01,128.51,126.08,21.432,23.992,40.64,0.87
128.09,128.89,126.82,18.352,19.649,37.15,0.9
128.84,129.55,127.19,11.314,7.001,29.578,0.98
129.25,129.06,126.92,11.567,6.927,29.701,0.98
129.32,128.75,127.06,11.198,7.044,29.521,0.98
128.52,129.13,127.47,12.704,7.394,30.391,0.97
128.55,128.93,127.82,10.63,7.098,24.582,0.96
128.76,128.83,128.96,2.739,6.776,3.217,0.92
129.06,128.25,128.72,2.794,6.658,3.223,0.91
127.07,126.67,127.69,31.683,34.275,33.982,0.52
128.05,128.72,129.1,6.486,8.979,6.878,0.63
128.59,128.83,128.79,3.56,7.052,3.93,0.87
128.95,128.42,128.55,7.304,6.771,6.972,0.63
129.3,128.26,128.79,5.532,6.848,5.423,0.69
129.37,128.6,129.25,2.84,7.003,3.217,0.91
128.36,128.81,128.79,4.062,6.928,4.323,0.77
129.06,128.6,128.19,5.083,6.797,5.133,0.7
128.97,128.38,128.77,4.058,6.784,4.266,0.77
128.6,128.12,128.42,5.656,6.789,5.63,0.68
128.16,127.71,128.21,17.81,20.242,18.619,0.53
127.88,127.65,127.51,19.58,22.579,20.492,0.54
128.99,128.42,128.37,5.318,6.588,5.916,0.82
127.47,128.56,128.37,17.198,6.862,11.64,0.74
127.44,127.97,128.43,14.252,6.946,5.397,0.81
125.97,126.32,126.36,35.001,30.838,29.882,0.55
127.02,127.54,127.68,17.009,11.593,9.983,0.59
127.03,128.01,128.02,12.809,6.701,3.881,0.81
127.83,127.61,128.03,5.133,6.609,5.319,0.7
128.24,127.51,127.63,4.367,6.549,4.585,0.75
128.49,127.4,127.8,2.699,6.787,3.225,0.91
127.75,126.79,127.56,21.043,24.335,22.068,0.53
127.29,127.28,127.95,17.206,20.166,18.164,0.55
128.12,127.82,127.66,5.795,6.691,5.813,0.68
127.93,127.34,127.48,4.214,6.552,4.441,0.76
127.85,127.16,127.89,6.683,6.571,6.653,0.66
128.13,127.65,128.27,5.233,6.735,5.31,0.71
128.48,127.37,127.81,5.223,6.887,5.274,0.7
128.13,127.57,127.42,4.711,6.855,4.846,0.73
127.17,127.7,127.92,5.321,6.944,5.491,0.69
128.36,126.73,128.14,5.204,6.677,5.26,0.7
126.72,125.92,126.77,26.029,28.594,27.757,0.53
128.28,127.2,127.42,8.214,9.706,8.471,0.6
127.71,127.38,128.39,6.31,6.86,6.309,0.67
127.89,127.37,127.89,5.37,6.743,5.521,0.69
128.23,126.97,127.9,4.922,6.628,5.33,0.75
128.15,127.02,127.42,3.811,6.721,4.472,0.82
127.41,127.32,127.88,6.423,6.934,6.843,0.71
128.01,127.25,128.11,4.791,6.89,5.257,0.76
128.03,127.14,127.78,2.654,6.899,3.698,0.9
128.19,126.83,127.4,3.983,6.87,4.627,0.8
126.82,125.97,126.72,23.06,25.842,24.499,0.54
127.92,126.75,127.9,14.559,15.558,15.377,0.6
128.34,127.31,127.45,5.979,6.974,6.961,0.83
127.72,127.37,127.29,4.364,6.91,4.975,0.78
128.31,127.1,127.85,4.012,6.948,4.65,0.85
128.15,127.43,127.74,2.657,6.913,3.706,0.9
127.61,127.56,127.33,4.728,6.911,5.262,0.78
128.03,127.33,126.83,6.191,6.898,6.579,0.76
126.73,127.61,127.73,11.957,6.984,5.406,0.75
126.71,127.38,127.89,14.674,6.928,5.787,0.72
126.09,127.6,127.63,22.752,16.007,17.136,0.56
126.37,127.2,126.75,30.241,26.09,24.697,0.56
127.39,127.8,128.37,14.91,6.777,6.262,0.71
128.02,127.57,127.65,8.135,6.799,8.138,0.68
128.55,127.64,127.71,5.39,6.867,5.761,0.81
128.72,127.41,127.32,4.586,6.912,5.196,0.87
127.69,127.46,127.65,5.856,7.031,6.134,0.71
127.56,127.47,127.66,4.77,7.013,5.234,0.76
128.36,127.52,127.67,3.739,6.909,4.43,0.81
128.58,127.58,127.38,4.389,6.985,4.925,0.77
127.94,127.82,127.8,3.402,7.017,4.192,0.84
127.09,126.35,127.32,26.113,29.924,27.531,0.54
127.99,128.02,127.83,3.851,6.989,4.531,0.8
127.91,127.88,127.57,6.556,6.892,6.728,0.7
127.78,127.59,127.61,8.016,7.007,8.181,0.7
128.01,127.6,128.05,7.211,7.037,7.495,0.7
128.09,127.52,127.49,4.043,6.948,4.678,0.8
128.16,127.76,127.86,4.837,6.972,5.28,0.76
127.86,128.06,128.04,5.137,6.849,5.551,0.73
128.19,127.81,128.24,6.955,6.907,6.918,0.67
128.92,127.78,127.65,6.295,7.057,6.553,0.74
127.73,127.03,127.02,25.207,27.57,26.352,0.53
128.78,127.83,128.32,12.624,13.314,13.726,0.57
128.92,128.23,128.67,6.755,6.879,6.69,0.68
129.09,128.11,127.97,4.45,6.877,4.604,0.74
128.64,128.02,128.28,3.58,6.877,3.917,0.8
127.62,128.55,128.53,5.6,7.006,5.657,0.69
128.72,128.2,128.27,4.562,7.12,4.73,0.73
128.08,127.87,127.93,8.014,7.03,8.096,0.67
128.45,127.67,128.21,9.265,6.913,10.196,0.73
127.75,127.98,128.18,10.55,7.022,11.731,0.76
128.31,127.49,127.73,14.261,12,15.979,0.63
127.51,126.96,126.73,28.42,28.718,33.495,0.56
127.86,128.08,128.53,7.488,7.191,8.341,0.79
128.67,127.74,128.49,5.11,7.048,5.299,0.74
128.18,127.99,127.65,9.425,7.166,10.138,0.72
128.28,127.95,128.03,9.213,7.01,10.114,0.76
128.55,127.67,128.38,8.204,6.85,9.095,0.78
127.94,127.98,128.33,9.234,6.853,10.093,0.74
128.84,127.97,128.33,6.674,6.817,7.113,0.74
129.42,128.1,128.97,2.831,6.783,3.23,0.91
129.09,128.18,128.74,10.565,6.756,11.377,0.72
128.98,128.16,128.66,6.933,6.744,7.755,0.82
127.85,127.21,127.25,26.735,29.724,28.511,0.54
128.7,128.22,128.97,3.904,7.056,4.203,0.8
129.12,127.92,129.12,3.717,6.993,3.976,0.8
129.18,128.18,128.58,4.263,6.884,4.385,0.75
128.98,128.41,128.11,4.793,6.88,4.898,0.72
128.78,128.85,128.83,5.694,6.981,5.673,0.68
129.16,129.2,128.93,4.041,7.099,4.224,0.77
129.51,128.85,128.48,5.913,6.843,5.838,0.67
129.3,128.88,128.16,4.753,6.828,4.795,0.74
129.26,128.97,129.22,2.817,6.833,3.228,0.91
129.25,128.39,129.2,5.354,6.715,5.363,0.7
128.34,128.1,127.73,23.278,22.941,27.176,0.56
128.86,128.13,128.08,20.502,21.866,22.662,0.53
128.09,128.92,129.19,12.42,7.239,4.842,0.72
128.42,129.01,129.78,13.861,7.239,4.749,0.73
128.35,129.02,129.03,12.31,7.25,3.225,0.91
128.33,129.05,129.24,12.282,7.102,3.225,0.91
128.53,129.16,128.77,13.693,7.143,8.495,0.84
129.87,129.13,129.83,3.643,7.166,3.809,0.81
129.62,128.8,128.79,7.394,7.323,8.469,0.84
129.05,129.12,128.52,8.85,7.213,9.69,0.76
129.49,128.6,128.57,11.397,7.26,12.169,0.68
129.12,128.75,129.4,4.997,7.137,5.232,0.84
128.59,127.52,127.53,26.941,30.063,28.065,0.51
129.47,128.87,128.69,6.312,7.243,6.941,0.8
129.55,128.64,128.69,8.542,7.308,9.58,0.8
129.71,128.95,129.52,4.804,7.271,5.145,0.84
130.02,128.49,128.76,2.977,7.167,3.231,0.91
129.95,128.51,128.94,2.953,7.03,3.229,0.91
129.62,128.54,129.36,6.569,7.048,6.587,0.68
129.3,128.23,129.67,3.814,7.118,4.028,0.79
128.72,128.54,128.47,8.42,7.319,9.237,0.76
129.39,128.65,128.83,5.646,7.222,6.081,0.79
128.73,128.92,129.4,2.726,7.234,3.225,0.91
129.84,128.29,129.68,4.557,7.086,4.597,0.74
128.08,127.83,127.82,26.313,30.044,27.577,0.53
130.14,128.81,129.33,2.989,6.996,3.227,0.91
129.06,128.91,129.76,6.12,7.291,7.003,0.84
129.9,129,129.7,5.149,7.291,5.75,0.85
130,128.73,129.28,2.957,7.179,3.222,0.91
128.89,128.8,129.13,9.42,7.155,10.053,0.7
129.27,128.34,129.17,9.27,7.245,10.402,0.78
128.8,128.71,128.11,12.849,7.367,19.745,0.94
129.53,128.59,126.69,16.86,7.608,32.134,0.97
128.81,128.83,126.15,17.348,7.713,35.29,0.97
127.97,127.83,125.72,26.086,25.185,47.322,0.86
128.2,128.17,126.03,18.82,18.188,37.363,0.91
128.41,128.88,125.95,15.591,7.553,33.26,0.97
129.38,128.73,126.24,12.829,7.469,31.088,0.98
128.81,129.29,127.04,12.439,7.641,30.486,0.97
128.89,129.08,126.41,15.377,7.595,32.437,0.96
128.6,129.21,126.14,14.764,7.591,31.987,0.96
128.95,129.07,126.5,11.518,7.518,29.896,0.98
129.14,128.87,126.74,12.184,7.457,30.284,0.97
127.9,127.26,125.49,27.256,31.951,48.21,0.83
129.05,129.09,125.86,17.295,7.412,34.603,0.96
128.34,128.88,126.36,12.281,7.36,30.285,0.98
128.7,128.63,126.42,12.775,7.366,30.559,0.97
129.27,128.81,126.7,11.334,7.385,29.721,0.98
129.4,129.01,125.83,12.347,7.462,30.3,0.97
128.42,129.22,126.43,11.396,7.522,29.65,0.98
127.79,129.33,126.4,12.066,7.481,30.079,0.98
128.4,129.19,126.71,12.274,7.546,30.189,0.97
128.77,129.16,125.95,12.222,7.509,30.249,0.98
128.24,128.43,126.12,17.271,17.011,35.375,0.91
127.06,127.9,125.95,22.376,25.697,42.168,0.86
128.13,129.07,126.94,11.42,7.39,29.684,0.98
128.39,129.29,126.48,15.795,7.444,29.641,0.98
127.82,129.35,126.93,19.068,7.329,29.655,0.98
127.43,129.53,127.27,19.46,7.241,29.863,0.98
126.93,129.72,127.39,20.099,7.28,30.236,0.97
127.95,129.2,126.77,18.791,7.113,29.636,0.98
128.88,129.44,127.06,13.056,7.15,30.908,0.97
128.97,129.23,127.16,15.239,13.344,33.017,0.93
128.27,128.57,126.66,24.254,28.137,44.347,0.85
129.77,129.62,127.17,11.22,7.151,29.647,0.98
129.63,129.81,127.55,11.206,7.228,29.611,0.98
129.54,129.78,127.88,11.2,7.236,29.612,0.98
129.26,129.87,127.69,11.255,7.205,29.645,0.98
128.49,130.12,127.27,11.939,7.29,29.981,0.98
129.42,129.81,127.35,13.153,7.313,30.874,0.97
129.14,129.87,128.05,11.632,7.207,29.871,0.98
129.67,129.59,127.69,11.194,7.186,29.596,0.98
128.87,129.86,127.55,11.282,7.229,29.623,0.98
128.73,128.68,127.05,22.576,25.16,42.124,0.86
129.18,129.28,127.87,17.632,18.591,36.275,0.9
129.8,129.55,128.02,11.179,7.226,29.605,0.98
129.61,129.93,127.66,11.212,7.218,29.625,0.98
130.06,129.89,128.41,11.166,7.254,29.638,0.98
129.62,129.91,128.26,11.243,7.223,29.657,0.98
129.89,129.73,128.25,11.966,7.176,30.091,0.97
129.76,130,127.73,11.653,7.271,29.933,0.98
129.65,129.62,128.11,11.221,7.216,29.632,0.98
129.87,129.4,128.25,11.177,7.126,29.608,0.98
129.3,129.92,127.83,12.005,7.251,30.056,0.97
128.49,128.43,126.67,26.091,30.337,46.338,0.84
129.64,129.71,128.2,11.206,7.194,29.577,0.98
129.96,129.9,128.66,11.17,7.627,29.616,0.98
130.06,130.02,127.87,11.169,7.657,29.624,0.98
129.73,130.21,127.97,11.207,7.677,29.59,0.98
129.87,130.58,128.45,11.204,7.75,29.587,0.98
130.02,129.95,128.49,11.157,7.411,29.593,0.98
130.08,129.89,127.62,11.13,7.391,29.54,0.98
129.37,130.14,127.54,11.646,7.368,29.816,0.98
129.5,129.72,127.87,11.2,7.182,29.6,0.98
129.1,128.91,127.37,21.824,24.414,40.847,0.86
129.51,129.45,127.19,18.857,20.404,37.404,0.89
130.03,130.31,127.87,11.167,7.317,29.528,0.98
129.69,130.4,128.56,11.214,7.34,29.545,0.98
130.35,130.13,128.37,11.098,7.299,29.498,0.98
130.46,130.5,128.16,11.092,7.371,29.517,0.98
130.34,130.33,128.15,11.099,7.394,29.504,0.98
130.17,130.32,128.51,11.135,7.332,29.518,0.98
130.03,130.35,128.28,11.162,7.351,29.605,0.98
130.52,130.41,127.72,11.107,7.339,29.555,0.98
130.02,130.42,127.96,14.872,14.176,32.865,0.93
129.21,129.44,127.18,24.783,28.782,44.747,0.84
128.89,130.61,128.33,18.274,7.485,29.503,0.98
129.29,130.87,127.9,18.971,7.453,29.531,0.98
129.11,130.28,128.54,18.913,7.314,29.524,0.98
129.17,130.1,128.63,18.885,7.275,29.536,0.98
129.53,130.38,128.79,16.514,7.32,29.523,0.98
130.26,130.07,127.71,11.101,7.264,29.486,0.98
129.86,129.96,127.96,11.147,7.306,29.471,0.98
129.83,129.9,128.15,11.171,7.204,29.505,0.98
130.13,129.87,128.04,11.15,7.225,29.54,0.98
128.52,129.03,126.64,26.687,31.227,46.992,0.83
129.57,130.32,128.09,11.209,7.286,29.562,0.98
130.1,130.28,128.67,11.155,7.326,29.555,0.98
130.11,130.24,128.06,11.133,7.367,29.51,0.98
130,129.85,127.6,11.13,7.209,29.493,0.98
130.06,129.89,128.14,11.123,7.251,29.567,0.98
130.34,130.38,128.63,11.132,7.323,29.628,0.98
130.03,130.25,128.35,11.16,7.283,29.585,0.98
128.06,128.89,126.09,28.491,34.096,49.761,0.82
129.74,130.1,128.31,11.189,7.309,29.547,0.98
130,129.72,128.34,11.159,7.172,29.542,0.98
128.93,128.56,127.08,26.817,31.231,47.161,0.83
130.52,129.58,128.12,11.104,7.156,29.614,0.98
130.21,129.95,128.69,11.175,7.22,29.639,0.98
129.46,130.27,128.56,11.256,7.314,29.599,0.98
130.25,130,128.16,11.161,7.275,29.56,0.98
129.85,130.18,128.27,11.193,7.286,29.559,0.98
130.11,129.86,128.35,11.143,7.243,29.546,0.98
130.06,129.96,128.72,11.159,7.26,29.578,0.98
130.06,129.71,127.72,13.743,7.344,31.17,0.96
128.66,129.05,126.98,23.377,26.856,42.923,0.85
129.31,129.42,127.99,16.824,17.817,35.339,0.91
129.33,129.84,128.21,11.233,7.532,29.549,0.98
130.1,129.97,128.11,11.141,7.445,29.536,0.98
130.39,130.26,128.14,11.141,7.486,29.598,0.98
130.08,130.47,128.65,11.175,7.526,29.609,0.98
129.87,130.34,128.27,11.191,7.42,29.567,0.98
130,130.26,127.89,11.156,7.316,29.52,0.98
129.96,130.06,127.98,11.165,7.321,29.508,0.98
127.06,129.18,127.11,34.778,31.293,47.261,0.84
128.76,130.56,128.53,19.03,7.619,29.619,0.98
129.06,130.58,127.92,18.931,7.822,29.559,0.98
128.37,130.39,128.15,23.039,7.814,32.979,0.97
128.82,130.26,128.18,20.59,7.575,32.607,0.97
130.04,129.84,128.21,11.169,7.45,29.561,0.98
130.41,129.14,127.87,11.102,7.229,29.528,0.98
129.59,129.25,128.12,11.214,7.286,29.537,0.98
129.7,129.02,128.25,11.201,7.054,29.539,0.98
129.72,128.4,127.38,14.567,13.298,32.608,0.93
128.38,127.85,126.46,24.76,28.772,45.237,0.85
129.69,128.73,127.75,11.193,7.083,29.532,0.98
129.53,128.63,127.79,11.202,6.998,29.535,0.98
129.74,129.53,127.48,11.213,7.175,29.564,0.98
129.54,129.81,127.09,11.223,7.235,29.541,0.98
129.19,129.76,127.61,11.999,7.251,30.052,0.98
128.88,129.02,127.2,11.265,7.046,29.517,0.98
129.06,129.48,126.56,11.229,7.242,29.519,0.98
127.62,127.96,125.49,26.674,31.556,47.537,0.84
127.91,128.26,126.58,18.51,18.329,36.858,0.9
127.71,129.09,127.09,12.188,7.449,30.085,0.98
128.73,128.43,126.44,11.285,7.471,29.59,0.98
128.54,128.96,126.34,15.133,7.586,32.882,0.97
128.12,128.72,126.41,18.134,7.409,35.246,0.95
128.52,128.52,126.89,11.3,7.355,29.609,0.98
127.82,128.22,126.32,11.807,7.403,29.842,0.98
127.77,128.24,125.84,12.016,7.262,29.957,0.98
127.59,127.83,126.04,13.988,11.203,31.678,0.95
126.45,126.48,124.73,25.033,29.134,45.663,0.85
127.75,127.73,125.72,11.824,7.128,29.844,0.98
127.88,128.1,125.56,14.892,7.107,32.156,0.96
127.66,128.44,126.58,11.536,7.464,30.04,0.98
126.94,128.08,125.89,17.08,7.489,34.206,0.95
127.56,128.26,125.74,18.383,7.545,35.041,0.94
127.97,128.02,125.64,17.089,7.283,33.899,0.95
127.68,128.16,125.92,19.848,7.385,36.495,0.94
126.77,127.17,125.12,26.782,27.833,46.909,0.84
127.92,127.9,126.96,13.989,14.277,25.93,0.86
127.7,127.57,127.7,5.765,7.073,6.724,0.82
125.85,127.97,127.88,12.853,7.152,6.489,0.81
126.42,127.69,128.42,16.585,7.093,7.284,0.7
126.44,127.07,127.63,17.177,7.048,8.157,0.79
126.36,127.61,127.52,16.133,7.143,6.94,0.74
125.99,127.04,128.05,14.191,6.933,4.793,0.61
127.23,126.73,127.84,4.828,6.814,4.582,0.6
125.78,124.96,126.31,25.867,29.37,26.984,0.52
125.8,126.19,126.24,6.416,6.715,6.195,0.66
126.11,125.63,127.1,5.461,6.614,5.55,0.69
126.22,125.97,126.79,6.229,6.785,6.606,0.77
126.3,126.03,126.95,5.444,6.619,5.241,0.59
126.66,126.05,126.72,3.425,6.572,3.332,0.68
126.12,125.64,126.56,6.535,6.73,6.176,0.55
125.91,125.69,126.77,4.216,6.607,4.109,0.68
124.13,124.73,125.28,22.179,25.524,23.574,0.54
125.12,124.71,125.53,14.622,17.133,15.441,0.55
125.77,125.33,126.02,4.742,6.433,4.624,0.61
125.67,125.34,126.43,7.166,6.774,6.893,0.57
126.25,126.31,127.02,6.625,6.86,6.345,0.57
126.93,126.64,126.68,2.449,6.859,2.765,0.85
126.28,126.73,126.56,5.705,7.195,7.917,0.87
125.4,126.23,126.31,6.493,7.055,8.553,0.83
126.13,126.11,126.58,4.478,6.824,6.879,0.85
126.24,126.36,125.75,6.513,7.001,8.461,0.83
125.5,125.38,125.41,23.757,27.337,26.412,0.62
126.01,126.1,126.64,10.812,12.729,11.488,0.62
126.58,125.89,126.96,4.436,7.016,4.621,0.71
126.74,126.2,126.25,3.907,6.989,4.302,0.74
126.32,126.01,126.86,3.48,7.073,3.879,0.74
126.12,127.3,127.17,2.369,7.353,3.111,0.84
126.63,126.9,127.01,4.925,7.377,5.637,0.84
126.79,126.86,126.53,4.844,7.182,5.91,0.86
126.1,126.6,126.89,5.359,6.817,5.287,0.66
126.49,126.8,127.05,4.597,6.846,4.52,0.68
125.25,126.17,126.06,18.816,21.187,19.817,0.54
124.47,125.32,126.28,25.49,21.644,19.374,0.56
124.03,126.14,126.43,20.691,7.019,11.709,0.73
124.42,125.9,127.25,12.679,6.747,3.57,0.73
124.45,125.87,126.55,12.81,6.772,3.866,0.73
124.65,126.35,126.37,15.337,6.798,5.89,0.7
125.05,125.72,126.67,6.725,6.74,5.669,0.68
125.27,126.13,126.31,6.568,6.912,6.455,0.69
125.64,125.29,125.82,6.876,6.524,6.509,0.65
125.37,125.26,125.91,3.433,6.507,4.095,0.77
125.64,125.88,126.42,5.71,6.533,6.233,0.73
125.66,125.26,125.89,16.645,19.553,17.864,0.58
124.87,125.17,125.18,20.129,23.172,21.704,0.6
125.33,126,126.24,5.993,6.77,8.587,0.91
125.81,125.66,126.13,5.627,6.691,8.16,0.91
125.93,125.64,126.48,4.413,6.769,5.654,0.84
125.87,126.15,125.93,4.582,6.717,5.359,0.74
125.58,125.99,126.41,5.551,6.551,6.324,0.74
125.49,125.57,126.67,5.374,6.457,5.98,0.73
125.58,126.2,126.19,7.229,6.798,7.176,0.66
125.45,125.12,125.43,19.095,21.382,20.162,0.58
124.94,124.88,125.52,19.807,22.063,22.898,0.61
125.56,126.17,126.6,7.972,6.92,8.368,0.74
126,126.06,125.89,9.401,6.934,9.529,0.69
125.23,125.83,126.52,3.75,6.914,3.814,0.73
126.04,125.31,127.06,4.646,6.915,4.575,0.66
125.79,125.6,126.54,3.851,6.927,3.951,0.7
125.9,125.29,126.09,3.557,6.882,3.732,0.71
125.82,124.84,126.32,7.015,6.84,7.397,0.7
124.09,123.7,125.42,27.34,29.261,30.303,0.53
125.26,125.37,126.11,5.211,7.057,5.161,0.64
125.54,125.24,125.91,10.17,7.169,10.798,0.8
126.08,125.09,126.64,7.055,7.02,7.526,0.78
125.41,125.93,127.05,9.808,7.372,5.187,0.73
125.05,126.18,126.62,14.036,7.327,4.758,0.66
124.83,126.2,127.31,12.021,7.117,2.848,0.81
125.35,125.91,127.55,13.073,7.127,4.41,0.83
124.89,126.22,126.68,20.717,7.411,11.722,0.69
126.45,125.85,126.63,6.284,7.288,4.551,0.72
125.3,124.78,125.7,25.708,29.308,27.186,0.54
126.41,126.03,127.19,7.529,7.244,7.066,0.62
126.68,126.25,126.61,6.453,7.261,6.121,0.64
126.06,126.51,126.48,7.296,7.143,7.215,0.66
125.69,126.36,127.01,5.039,7.04,4.947,0.66
126.56,126.38,127.31,2.765,6.811,3.069,0.78
126.48,126.73,126.83,2.418,6.958,2.853,0.82
126.88,126.43,127.11,3.809,6.73,3.558,0.68
126.11,126.57,127.4,4.315,6.605,3.861,0.6
125.45,126.12,126.25,19.424,21.268,20.792,0.52
126.32,126.11,126.1,18.702,21.16,20.503,0.54
126.92,127.01,127.45,5.231,6.925,4.673,0.58
126.89,127.13,127.4,6.898,6.913,6.176,0.52
126.54,127.12,127.12,4.594,6.965,4.074,0.58
126.81,127.5,127.14,3.837,7.035,3.344,0.61
127.25,127.58,127.6,6.611,7.017,5.84,0.54
126.81,127.18,128.15,7.11,6.775,6.222,0.51
126.65,127.45,127.54,3.505,7.007,3.046,0.77
127.19,127.06,128.25,2.51,6.901,2.03,0.82
126.6,126.95,127.63,14.327,17.26,14.901,0.5
125.67,126.67,126.91,24.083,24.925,26.803,0.52
126.4,127.71,127.18,7.926,7.061,7.238,0.59
126.68,127.86,127.57,2.439,7.024,7.669,0.98
126.68,128.04,127.65,3.792,7.104,8.815,0.94
126.7,127.73,127.02,5.697,6.91,10.21,0.89
126.76,127.65,127,5.919,6.962,10.902,0.91
126.45,128.07,127.44,6.21,6.971,10.767,0.88
127.05,128.08,127.66,5.672,7.051,9.031,0.95
125.78,128.4,127.22,13.21,7.248,9.125,0.95
125.35,127.15,127.93,18.455,13.917,13.258,0.56
124.63,126.39,127.7,31.309,26.886,27.191,0.54
126.09,127.05,128.15,15.587,7.811,5.879,0.58
125.93,127.7,128.25,13.244,7.657,4.922,0.63
126.93,127.45,128.34,5.594,7.884,5.164,0.61
127.29,127.78,128.98,7.027,7.774,6.531,0.59
128.29,128.2,128.54,3.448,7.834,3.154,0.72
128.72,128.46,129.04,3.265,7.952,2.956,0.8
129.29,128.32,129.35,5.14,7.736,4.535,0.6
127.83,127.75,128.31,21.837,24.742,22.551,0.5
129.09,127.87,128.37,16.663,18.861,17.408,0.5
128.89,128.19,129.41,4.019,7.273,3.611,0.67
129.59,128.57,129.4,4.64,7.248,4.226,0.64
129.92,128.34,129.07,3.533,7.955,3.352,0.74
129.04,128.59,128.93,9.695,7.689,9.537,0.63
129.01,128.99,129.62,5.349,7.586,4.962,0.8
130.14,128.49,129.36,3.032,7.412,2.854,0.81
130.48,128.8,129.16,4.489,7.485,4.027,0.67
128.46,126.93,127.66,33.417,35.377,38.065,0.54
130.1,128.25,129.25,9.383,9.016,9.611,0.64
130.1,128.69,128.98,9.477,8.024,9.373,0.65
129.04,128.16,128.32,23.725,26.226,24.636,0.5
129,128.64,129.43,17.259,19.337,18.184,0.5
129.18,129.2,129.28,2.818,8.159,2.846,0.81
129.41,129.4,129.29,4.551,8.321,4.292,0.67
130.05,128.96,129.62,5.478,8.641,5.01,0.7
129.5,127.53,128.98,3.9,8.059,3.745,0.7
128.54,128.6,128.21,4.283,8.013,4.212,0.81
129.4,128.25,128.75,2.791,7.688,2.847,0.81
129.63,128.2,128.97,4.197,7.647,3.968,0.68
128.55,127.84,128.28,20.493,22.492,22.596,0.51
128.3,127.99,127.83,20.75,22.399,22.765,0.51
129.73,128.63,129.3,4.104,8.448,3.882,0.68
129.18,128.88,129.54,7.953,8.051,2.842,0.81
129.02,128.96,129.76,13.363,7.949,3.901,0.68
127.95,129.81,128.31,17.353,8.305,18.485,0.95
127.78,129.89,127.33,21.965,8.382,31.282,0.97
128.05,129.56,127.13,18.92,8.367,29.458,0.98
128.91,129.49,126.37,15.39,8.452,29.427,0.98
127.97,127.89,125.03,25.81,30.363,45.707,0.84
128.88,128.81,126.4,13.057,10.282,30.645,0.96
129.15,128.82,126.43,13.946,7.7,30.364,0.96
128.83,128.49,126.03,14.495,7.65,30.65,0.96
129.34,128.81,126.81,11.281,7.657,28.585,0.98
128.86,129.12,126.61,12.038,7.779,28.975,0.97
129.35,128.79,126.5,11.738,7.673,28.785,0.97
129.53,128.71,126.11,13.121,7.498,29.621,0.96
127.38,127.52,125.39,27.455,32.639,47.545,0.82
129.36,128.32,126.8,11.69,7.148,28.684,0.97
129.62,128.14,126.47,11.664,7.147,28.685,0.97
129.56,128.65,126.5,11.113,7.203,28.346,0.98
129.34,128.59,126.83,13.442,7.217,30.011,0.97
128.94,128.78,126.95,11.169,7.492,28.353,0.98
129.83,128.6,126.71,11.047,7.41,28.285,0.98
129.11,127.91,126.51,23.56,26.793,41.941,0.84
129.54,128.69,126.92,16.191,16.569,33.318,0.91
129.78,128.31,127.01,11.04,7.16,28.292,0.98
130,129.03,126.77,11.017,7.261,28.319,0.98
129.43,129.08,127.79,11.111,7.273,28.338,0.98
130.06,128.79,127.8,10.988,7.194,28.307,0.98
130.26,128.95,127.28,11.983,7.115,28.903,0.97
130.32,129.08,127.38,10.952,7.168,28.282,0.98
130.35,129.22,127.75,10.985,7.093,28.278,0.98
130.06,129.82,127.89,11.031,7.235,28.293,0.98
129.55,128.43,126.16,25.495,29.092,43.909,0.83
130.63,130.11,127.91,13.043,11.435,30.161,0.95
130.85,129.96,128.1,10.908,7.283,28.274,0.98
130.5,130.01,127.54,12.19,7.352,28.993,0.97
130.58,129.78,127.27,10.944,7.228,28.259,0.98
130.26,129.68,127.46,12.535,7.206,29.16,0.96
130.32,129.4,127.87,10.943,7.146,28.201,0.98
130.23,129.47,127.07,10.986,7.15,28.213,0.98
129.95,129.89,127.29,11.038,7.22,28.235,0.98
129.75,129.9,127.69,11.065,7.268,28.28,0.98
128.82,128.57,126.55,27.411,30.42,46.467,0.82
130.14,129.94,127.29,13.167,7.463,29.545,0.96
130.58,129.82,127.8,10.953,7.598,28.227,0.98
130.19,130.1,128.25,11.019,7.618,28.268,0.98
130.83,130.05,127.97,11.574,7.361,28.627,0.97
130.54,129.91,127.86,10.994,7.438,28.252,0.98
129.47,130.31,128.1,17.824,7.484,28.262,0.98
129.68,130.65,128.79,18.815,7.626,28.336,0.98
129.53,130.37,128.18,18.757,7.335,28.313,0.98
129.13,130.34,127.82,19.929,10.034,29.418,0.96
128.75,128.99,127.38,33.207,30.055,45.203,0.83
130.72,130.12,128.37,10.957,7.298,28.324,0.98
130.77,129.99,128.03,10.939,7.22,28.314,0.98
130.44,130.53,127.93,10.986,7.324,28.311,0.98
130.41,130.51,128.85,10.983,7.314,28.299,0.98
130.68,129.76,128.07,10.941,7.161,28.261,0.98
130.79,129.97,127.76,10.96,7.271,28.304,0.98
130.48,129.91,127.7,10.982,7.677,28.262,0.98
130.35,129.82,127.65,11.01,7.59,28.311,0.98
129.46,128.76,126.9,20.81,23.216,38.782,0.86
129.1,129.73,126.58,19.44,21.421,37.239,0.88
130.68,129.85,128.23,10.941,7.373,28.317,0.98
130.48,129.68,127.94,10.964,7.341,28.335,0.98
130.67,129.49,127.63,10.96,7.16,28.375,0.98
130.73,129.89,127.84,10.985,7.227,28.396,0.98
130.49,130.09,128.18,11.02,7.243,28.41,0.98
130.21,129.56,128.57,11.035,7.114,28.378,0.98
130.81,129.85,128,10.968,7.149,28.335,0.98
130.98,129.4,128.47,10.95,7.07,28.35,0.98
129.66,128.43,127.39,26.885,30.55,46.027,0.82
130.75,129.48,128.13,10.942,7.152,28.301,0.98
130.82,129.59,127.9,10.926,7.158,28.302,0.98
130.94,129.57,128.34,10.917,7.112,28.332,0.98
130.45,129.64,128.62,10.991,7.121,28.377,0.98
130.87,129.91,128.2,10.948,7.202,28.358,0.98
131.23,129.73,128.35,10.871,7.157,28.357,0.98
130.89,129.61,128.58,10.926,7.165,28.392,0.98
131.09,130.15,128.88,10.939,7.249,28.439,0.98
130.85,129.8,127.98,16.404,15.468,33.199,0.91
130.14,129.06,127.36,24.289,27.607,42.714,0.84
130.81,130,128.8,10.976,7.642,28.465,0.97
131.14,129.5,128.24,10.934,7.54,28.467,0.98
131.17,130.13,128.11,10.954,7.707,28.489,0.98
131.19,130.38,128.44,10.954,7.556,28.508,0.98
130.88,130.63,128.75,10.966,7.539,28.461,0.97
130.53,130.63,128.23,11.057,7.44,28.49,0.98
131.21,130.26,128,10.975,7.259,28.464,0.98
130.9,130.21,128.64,10.98,7.276,28.47,0.97
129.57,129.04,127.88,30.262,26.006,41.837,0.84
129.56,130.34,128.13,25.142,18.469,35.036,0.9
129.8,130.95,128.23,18.767,7.467,28.469,0.98
129.71,130.78,129.08,18.875,7.397,28.477,0.97
129.98,130.61,128.83,18.77,7.418,28.466,0.98
131.11,130.22,128.03,10.921,7.297,28.394,0.98
131.15,130.42,128.41,10.928,7.381,28.412,0.98
131.3,130.12,128.81,10.917,7.228,28.445,0.97
131.01,130.32,128.61,10.951,7.304,28.441,0.98
131.11,130.67,128.15,10.946,7.383,28.422,0.98
129.88,129.08,127.56,27.029,30.96,46.183,0.81
131.13,130.24,128.54,10.922,7.259,28.401,0.98
131.18,130.43,128.49,10.922,7.355,28.415,0.98
131.38,130.59,128.17,10.884,7.362,28.445,0.98
131,130.4,128.72,10.91,7.328,28.438,0.97
130.44,129.56,128.49,10.957,7.142,28.435,0.98
130.87,130.02,127.76,10.918,7.243,28.436,0.98
130.89,130.33,128.24,10.949,7.305,28.469,0.98
130.29,130.46,128.23,11.023,7.37,28.471,0.98
130.34,129.71,128.02,16.707,16.743,33.719,0.9
130.07,129.1,126.87,23.787,26.908,42.104,0.84
130.72,130.35,128.28,10.977,7.288,28.497,0.98
130.76,129.79,128.67,10.931,7.181,28.473,0.97
131.14,130.58,128.04,10.918,7.321,28.464,0.98
131.04,130.62,127.92,10.932,7.364,28.482,0.98
130.84,130.36,128.11,10.922,7.346,28.489,0.98
130.87,130.2,128.4,10.937,7.225,28.501,0.98
131.02,130.24,127.78,10.901,7.285,28.486,0.98
130.42,130.5,127.76,10.968,7.687,28.49,0.98
129.26,128.57,127.41,24.466,27.884,43.504,0.83
130.52,129.14,128.09,15.502,15.513,33.02,0.91
130.86,129.64,128.02,10.937,7.429,28.497,0.98
130.67,129.2,127.74,10.93,7.219,28.466,0.98
130.55,129.05,128.35,10.943,7.196,28.52,0.97
130.09,129.37,127.65,10.977,7.273,28.477,0.98
130.16,129.37,127.44,10.964,7.118,28.474,0.98
130.31,128.98,127.91,10.931,6.99,28.46,0.98
130.39,128.75,127.83,10.932,7.029,28.474,0.98
130.13,129.43,127.67,10.975,7.116,28.484,0.98
129.1,128,126.03,26.979,30.983,46.034,0.82
129.93,128.8,127.65,10.97,7.004,28.438,0.98
129.67,128.72,127.38,10.989,6.988,28.422,0.98
129.02,128.75,126.77,16.41,7.014,28.45,0.98
128.25,128.85,126.96,21.786,7.129,29.961,0.96
127.75,128.37,126.96,18.927,6.944,28.431,0.98
127.17,129.06,127.21,18.97,7.069,28.448,0.98
128.17,128.79,126.31,20.659,7.022,29.402,0.97
129.29,128.47,126.6,11.317,6.91,28.464,0.98
127.95,127.39,125.72,26.54,30.524,46.055,0.83
128.99,128.48,126.17,11.573,6.987,28.734,0.97
128.56,128.37,125.72,13.872,6.948,30.203,0.96
127.98,127.49,125.6,16.958,6.889,33.677,0.96
128.07,127.75,126.03,12.569,6.828,29.509,0.97
127.84,128.07,125.59,11.992,6.87,28.873,0.97
127.96,128.36,125.36,14.869,7.118,31.594,0.97
126.68,126.98,125.03,26.563,31.394,46.685,0.83
127.75,127.98,125.82,12.029,7.226,28.981,0.97
127.57,128.13,125.67,13.14,7.299,30.02,0.97
128.03,128.04,125.86,12.824,7.181,29.803,0.97
127.57,127.86,125.76,11.679,7.147,28.904,0.97
127.9,127.99,125.94,13.182,7.303,29.702,0.96
127.72,128.03,124.83,17.117,7.381,32.746,0.94
127.75,127.72,125.5,11.023,7.044,28.322,0.98
128.16,128.17,126.44,10.804,7.142,25.666,0.96
126.56,126.07,126.9,26.743,30.057,28.521,0.51
127.7,127.55,127.33,5.392,6.78,5.075,0.65
128.64,127.63,127.88,4.068,6.976,3.699,0.68
127.65,127.65,128,6.973,7.171,6.529,0.54
127.72,127.32,127.49,6.746,6.921,6.546,0.57
127.93,126.88,127.25,6.242,6.725,5.8,0.54
127.75,127.22,127.46,3.188,6.739,2.931,0.65
127.1,126.87,127.42,6.392,6.807,6.079,0.59
126.33,126.66,126.54,8.062,6.962,8.388,0.64
126,124.84,124.71,27.738,29.786,32.004,0.56
126.16,126.15,127.04,11.278,6.925,3.578,0.62
126,126.39,127.24,12.021,6.79,2.188,0.79
126.42,126.81,127.38,11.902,6.84,2.024,0.82
126.42,127.01,126.95,13.896,6.905,4.922,0.58
126.66,126.71,127.5,11.672,6.898,2.902,0.66
126.86,126.88,126.99,7.013,7.17,6.571,0.53
126.7,126.07,125.82,22.444,24.133,24.65,0.51
127.04,126.07,126.26,17.842,21.35,18.208,0.51
128.1,127.09,127.45,4.857,8.953,4.519,0.62
127.63,126.45,127.34,5.117,8.865,4.88,0.68
127.85,126.51,126.65,9.138,9.008,8.794,0.61
128.15,126.44,127.4,5.706,8.73,5.512,0.64
127.49,126.18,126.95,8.112,8.625,8.042,0.61
127.19,126.12,126.79,13.609,16.814,13.999,0.52
126.99,125.44,126.06,22.449,25.946,22.834,0.52
127.77,126.19,127.15,2.458,7.648,2.498,0.82
127.52,125.96,127.44,4.76,7.491,4.682,0.68
127.38,125.89,126.62,7.47,7.537,7.954,0.81
127.43,125.36,126.66,5.701,7.282,5.901,0.7
126.62,126.35,126.5,10.994,7.356,11.405,0.68
126.66,126.1,127.03,8.023,7.047,8.08,0.62
126.11,125.03,125.9,24.553,27.403,25.196,0.52
127.16,126.16,126.48,9.754,12.329,10.364,0.53
127.51,126.4,127.49,3.492,7.328,4.114,0.79
127.16,126.24,127.13,3.877,7.443,5.44,0.85
127.44,125.91,126.95,4.35,8.635,6.878,0.87
127.04,126.2,126.62,7.115,8.987,8.904,0.79
127.36,126.08,127.2,4.901,8.927,6.658,0.87
126.11,125.41,125.7,24.198,26.642,26.505,0.54
127.42,126.47,126.63,14.195,17.846,14.91,0.57
127.57,126.56,127.6,6.416,8.45,6.737,0.7
127.39,126.9,126.9,10.356,8.724,11.39,0.76
127.75,126.15,126.59,12.74,9.092,13.305,0.69
127.68,126.71,127.21,4.322,8.99,4.232,0.66
127.26,126.74,127.48,3.519,8.959,4.161,0.73
127.82,126.61,127.03,5.19,8.929,5.483,0.77
126.58,125,125.54,26.301,30.583,27.583,0.52
126.95,126.55,126.86,9.748,9.892,10.159,0.68
126.55,126.89,127.17,10.699,8.515,6.534,0.74
126.57,126.34,127.12,16.185,7.995,6.608,0.65
126.09,126.88,126.73,17.537,8.06,7.159,0.62
125.91,126.67,127.29,14.943,7.921,5.882,0.68
126.02,126.52,127.14,13.154,7.892,3.923,0.82
127.56,126.23,126.46,9.299,8.053,7.966,0.71
126.39,125.09,125.83,27.333,30.736,29.254,0.52
127.57,126.57,127.09,4.996,8.528,5.871,0.77
127.18,126.52,126.94,2.381,8.078,4.106,0.89
127.55,126.38,126.6,2.432,8.702,4.106,0.9
127.09,126.58,127.34,4.709,8.991,5.439,0.76
127.44,126.72,127.25,3.912,8.716,4.243,0.83
127.28,126.23,126.68,4.805,8.297,4.893,0.68
127.17,126.38,126.98,3.881,8.104,4.105,0.72
126.31,125.61,126.27,22.852,26.338,24.332,0.52
126.75,125.64,126.49,17.946,19.151,19.708,0.52
127.9,126.48,126.65,3.899,8.389,3.912,0.71
127.26,126.71,127.48,2.454,8.448,2.811,0.84
127.75,126.52,127.23,4.14,8.125,3.967,0.66
128.1,126.91,127.22,3.738,8.283,3.592,0.7
128.19,127.13,127.77,3.905,8.114,3.983,0.72
128.32,127.29,127.3,4.089,7.767,10.368,0.92
128.5,126.95,127.22,5.702,7.624,11.276,0.88
128.55,127.31,126.47,6.131,7.768,14.826,0.9
127.25,125.93,126.93,27.021,29.942,30.225,0.54
128.77,127.41,127.87,2.566,7.465,2.415,0.86
128.5,126.85,127.61,4.554,7.221,4.518,0.69
128.78,126.81,127.84,6.993,7.157,10.739,0.85
128.02,127.54,127.09,5.582,7.267,17.459,0.94
127.04,126.64,127.11,4.679,7.046,4.922,0.69
127.63,126.6,127.12,5.233,6.993,5.083,0.66
127.65,126.78,127.75,6.951,6.689,6.893,0.63
127.2,126.55,127.14,14.325,14.703,14.77,0.52
127.14,125.94,126.52,23.322,26.3,24.119,0.5
127.47,127.11,127.56,3.408,7.481,3.345,0.79
128.23,126.84,128.1,4.297,7.259,4.124,0.76
128.23,126.83,127.5,5.909,7.25,5.57,0.58
128.45,127.18,127.77,4.611,7.489,4.287,0.61
127.65,127.64,128,5.267,7.494,4.995,0.57
128.42,127.63,128.11,2.504,7.319,2.286,0.84
128.51,128.14,127.31,4.24,7.355,11.709,0.91
128.93,128.34,127.82,5.312,7.38,14.43,0.93
127.75,127.5,127.97,23.456,26.285,26.653,0.56
129.05,127.12,127.95,15.048,17.103,15.771,0.5
128.6,127.95,128.33,2.538,7.225,2.329,0.84
128.69,128.12,128.5,5.695,7.122,5.33,0.58
128.49,128.09,128.51,6.646,7.03,6.242,0.57
129.26,128.1,128.18,2.649,7.395,2.303,0.84
129.15,127.99,128.97,5.148,7.427,4.801,0.66
129.48,127.77,128.96,3.515,7.402,3.184,0.79
129.55,127.8,128.7,4.719,7.317,3.415,0.74
128.45,128.44,128.84,12.319,7.611,2.417,0.86
127.25,127.19,128.16,33.943,30.412,27.944,0.5
127.98,128.33,129.09,15.949,8.2,7.278,0.74
127.79,128.48,128.35,15.834,7.984,6.2,0.67
128.66,128.22,129.07,12.449,7.894,5.303,0.6
128.67,128.63,128.88,7.01,8.326,6.831,0.63
129.18,128.04,128.65,8.422,8.631,8.919,0.71
128.96,127.94,128.11,8.101,8.472,8.554,0.74
128.74,128.41,128.9,5.847,8.765,5.693,0.68
129.05,128.51,129.08,5.642,8.799,5.403,0.65
128.88,127.43,127.6,22.644,26.928,23.044,0.51
129.01,128.29,128.69,14.599,17.528,14.843,0.55
129.55,128.76,129.22,4.828,8.453,4.636,0.69
129.52,128.54,129.08,5.146,8.732,4.942,0.68
129.79,127.75,128.7,7.685,10.833,7.99,0.73
129.63,128.56,129.05,10.055,9.084,10.354,0.69
129.85,128.85,129.43,7.659,8.769,6.992,0.61
129.92,128.91,128.68,8.647,8.865,8.819,0.74
129.49,129.34,129.3,8.65,8.889,8.949,0.75
128.58,127.64,128.15,29.481,31.232,33.536,0.54
130.09,128.47,129.39,9.778,8.831,10.1,0.7
130.2,127.86,128.84,8.599,8.263,8.88,0.75
129.8,128.53,129.44,7.442,8.013,7.759,0.81
130.15,128.63,129.67,5.75,7.803,5.994,0.81
130.27,128.97,128.95,6.431,8.114,6.832,0.82
129.8,129.11,129.64,7.952,8.618,8.242,0.72
129.3,129.27,129.71,2.83,8.572,3.335,0.83
130.22,129.11,129.38,7.772,8.983,7.141,0.6
128.99,127.08,128.29,24.921,29.174,25.636,0.51
129.39,128.19,129.13,11.919,14.323,12.379,0.63
129.15,128.22,128.88,7.355,8.925,7.217,0.7
129.07,128.32,128.94,9.387,9.07,9.815,0.71
129.71,128.65,129.64,8.818,8.893,8.947,0.71
129.78,129.04,129.9,3.693,8.489,3.723,0.74
129.79,128.76,129.32,3.802,8.253,3.572,0.73
129.67,128.79,129.37,5.3,12.548,16.907,0.69
129.68,129.05,128.36,11.904,8.904,26.517,0.97
129.01,128.23,126.31,23.688,27.738,42.234,0.84
129.14,128.93,126.65,17.234,19.245,34.953,0.91
129.1,129.03,127.14,11.342,9.014,29.212,0.98
129.04,128.56,126.77,13.289,9.307,30.476,0.97
129.32,128.07,126.09,11.935,8.704,29.497,0.98
129.12,128.37,126.29,11.263,7.165,29.006,0.98
129.06,128.35,126.67,13.061,7.169,30.131,0.97
128.82,129.29,125.9,14.982,7.52,31.405,0.95
129.56,129.05,126.62,11.702,7.502,29.562,0.97
128.17,128.23,126,24.673,26.669,43.367,0.84
128.02,128.9,126.74,27.342,17.199,36.93,0.89
128.23,129.37,126.61,19.514,7.393,29.103,0.98
128.08,129.73,126.74,20.833,7.458,29.945,0.97
128.02,129.64,127.38,21.384,7.465,30.77,0.97
129.27,129.5,125.94,14.972,7.387,33.591,0.98
129.8,129.51,126.06,11.082,7.389,35.095,0.98
129.99,129.16,126.29,12.502,7.24,36.043,0.98
129.21,128.68,125.57,22.438,25.466,46.255,0.88
129.19,129.42,125.5,17.795,18.859,41.202,0.92
130.05,129.51,126.5,11.047,7.674,34.879,0.98
129.7,129.42,126.81,11.075,7.642,34.852,0.98
130.18,129.49,126.14,11.014,7.688,34.87,0.98
129.75,129.35,126.21,11.777,7.475,35.269,0.98
129.58,129.45,126.38,11.062,7.576,34.82,0.98
129.87,129.63,126.93,11.054,7.7,32.533,0.98
129.93,129.35,126.71,11.944,7.474,29.216,0.97
128.34,128.51,126.3,25.126,29.225,44.471,0.83
129.77,129.28,127.21,13.487,12.215,30.873,0.94
130.28,129.34,126.98,10.988,7.47,28.6,0.98
129.79,129.66,127.23,11.069,7.403,28.631,0.98
129.93,129.79,127.48,12.892,7.287,29.777,0.96
130.25,129.81,127.66,11.668,7.28,28.998,0.97
130.74,130.13,126.66,10.928,7.347,33.544,0.98
130.49,130.31,127.31,10.952,7.388,34.861,0.98
130.59,130.2,127.22,10.946,7.416,34.801,0.98
129.54,128.18,125.67,26.671,30.533,51.198,0.86
130.34,129.83,127.04,10.95,7.284,34.759,0.98
129.4,130.25,127.26,11.074,7.368,34.764,0.98
130.17,129.69,126.62,10.954,7.25,34.753,0.98
130.43,129.59,126.33,10.917,7.217,34.725,0.98
130.51,129.72,127.53,10.934,7.258,34.787,0.98
130.53,129.71,127.19,10.934,7.193,34.795,0.98
130.25,129.73,126.86,10.969,7.189,34.818,0.98
130.18,130.08,126.95,13.786,12.443,36.96,0.96
129.62,129.25,126.37,25.367,29.298,49.898,0.86
130.84,129.99,126.96,10.906,7.245,34.764,0.98
130.88,130.06,126.63,10.892,7.358,34.764,0.98
129.72,129.88,127.59,11.028,7.239,31.821,0.98
130.24,129.47,127.8,10.967,7.158,28.635,0.98
130.19,129.31,127.68,10.983,7.134,28.641,0.98
130.34,129.96,127.66,10.967,7.264,28.596,0.98
130.48,129.99,128.05,10.973,7.271,28.669,0.98
129.61,129.39,127.11,20.937,23.315,39.151,0.86
130.1,129.19,127.01,19.598,21.704,37.751,0.88
130.62,130.37,128.54,10.97,7.778,28.74,0.98
130.22,130.39,128.03,11.002,7.763,28.685,0.98
130.66,129.38,127.45,10.882,7.316,28.61,0.98
129.57,129.95,128.06,16.267,7.484,28.678,0.98
129.27,130.53,128.49,18.924,7.604,28.702,0.98
129.67,130.3,128.2,18.82,7.516,28.688,0.98
129.53,130.74,128.01,18.904,7.467,28.685,0.98
128.33,128.95,127.18,34.196,30.76,46.07,0.83
130.75,129.49,127.84,11.265,7.985,28.99,0.97
130.59,129.77,127.24,10.926,7.22,28.653,0.98
130.49,129.4,127.81,10.957,7.18,28.667,0.98
130.29,129.75,127.62,10.966,7.249,28.645,0.98
130.56,129.83,127.35,10.942,7.228,28.643,0.98
130.51,129.59,127.2,10.912,7.201,28.61,0.98
130.35,129.34,127.92,10.961,7.146,28.632,0.98
130.52,129.71,127.52,10.968,7.212,28.649,0.98
129.2,128.34,125.81,26.749,30.929,46.011,0.82
130.32,129.22,127.66,10.995,7.17,28.662,0.98
130.5,129.78,127.85,10.99,7.217,28.703,0.98
130.68,129.64,127.45,10.932,7.168,28.669,0.98
130.62,129.33,127.31,10.923,7.147,28.651,0.98
130.19,129.68,127.8,10.988,7.212,28.667,0.98
130.5,129.82,127.36,10.945,7.248,28.655,0.98
130.61,129.88,127.2,10.931,7.321,28.635,0.98
130.2,128.94,127.43,19.57,21.025,37.507,0.87
130.07,129.22,127.33,21.711,24.193,40.121,0.86
130.97,130.26,127.67,10.91,7.32,28.719,0.98
131.01,130,127.76,10.882,7.278,28.691,0.98
130.66,130.22,128.22,10.947,7.32,28.716,0.98
130.94,129.88,127.62,10.915,7.284,28.684,0.98
130.73,130.19,127.68,10.953,7.346,28.694,0.98
130.18,130.24,128.09,11.026,7.343,28.709,0.98
130.61,129.65,127.84,10.95,7.24,28.66,0.98
129.69,128.25,126.43,25.367,28.967,44.494,0.83
130.4,129.27,127.71,14.389,13.507,31.851,0.93
130.38,129.58,128.29,10.953,7.269,28.661,0.98
130.73,129.81,127.76,10.93,7.246,28.682,0.98
130.19,130.06,127.94,11.01,7.274,28.71,0.98
130.89,130.02,128.62,10.928,7.263,28.711,0.98
130.61,129.75,128.27,10.94,7.241,28.702,0.98
130.38,129.87,127.97,10.95,7.269,28.666,0.98
130.12,129.94,128.21,10.975,7.329,28.663,0.98
129.11,128.81,127.01,27.032,31.565,46.896,0.82
130.3,130.21,127.32,10.992,7.327,28.676,0.98
129.42,130.3,127.75,11.103,7.34,28.685,0.98
130.53,129.77,128.14,10.975,7.203,28.72,0.98
130.64,129.3,127.49,10.963,7.087,28.692,0.98
129.99,129.59,127.62,11.036,7.233,28.654,0.98
130.47,129.87,127.97,10.984,7.21,28.665,0.98
130.49,129.88,128,10.953,7.241,28.632,0.98
130.29,129.84,126.99,18.439,19.971,36.118,0.88
127.77,129.83,127.6,31.756,25.664,42.633,0.85
129.52,130.43,128.44,18.912,7.805,28.675,0.98
129.77,130.05,127.78,18.842,7.853,28.671,0.98
129.58,130.02,128.16,18.869,7.73,28.721,0.98
129.97,130.34,128.26,15.994,7.632,28.744,0.98
130.37,130.38,127.94,11.015,7.556,28.712,0.98
130.48,130.04,127.4,10.962,7.512,28.654,0.98
129.82,129.87,127.81,11.022,7.338,28.652,0.98
129.14,128.54,126.19,25.491,29.578,44.615,0.83
130,129.59,127.07,13.98,12.932,31.427,0.94
130.09,129.55,127.82,11.009,7.225,28.682,0.98
130.11,129.76,127.71,10.978,7.276,28.631,0.98
129.85,129.62,127.12,11.003,7.26,28.617,0.98
129.58,129.79,126.91,11.058,7.255,28.642,0.98
129.59,129.23,127.53,11.052,7.56,28.63,0.98
129.7,129.67,127.29,11.052,7.733,28.608,0.98
129.93,129.15,126.61,13.02,11.074,30.151,0.95
128.65,127.54,125.98,25.69,29.87,45.209,0.83
129.79,129.02,126.96,11.48,7.305,29.003,0.98
129.82,129.04,126.55,16.744,7.449,33.771,0.96
129.81,129.78,126.65,16.181,7.525,33.155,0.96
129.44,129.52,127,15.76,7.547,32.742,0.96
129.89,129.2,127.15,11.039,7.112,28.705,0.98
129.66,128.99,126.18,11.017,7.093,28.685,0.98
129.16,128.84,126.55,11.054,7.08,28.664,0.98
127.86,127.12,124.98,27.888,29.029,47.399,0.81
128.75,128.25,125.64,17.175,12.569,33.804,0.92
128.49,128.27,125.69,13.335,7.44,30.097,0.96
127.75,128.73,126,11.84,7.479,29.104,0.97
128.5,128.36,126.11,11.149,7.289,28.723,0.98
129.34,128.27,125.69,11.062,7.145,28.723,0.98
129.09,128.54,126.35,13.982,7.204,31.174,0.97
128.91,128.41,126.21,12.33,7.201,29.714,0.97
127.49,127.58,124.66,24.778,23.562,44.486,0.86
127.37,127.69,124.5,24.184,21.141,43.278,0.87
127.96,127.75,125.2,16.29,6.878,33.293,0.96
127.39,127.6,125.32,16.32,6.878,33.294,0.97
128.06,127.57,124.65,15.666,7.155,32.552,0.96
128.12,127.85,125.35,14.693,7.334,31.096,0.95
128.18,128.13,125.79,15.208,7.305,31.968,0.96
127.99,128.41,125.82,11.823,7.385,29.583,0.98
127.75,126.9,124.41,27.879,31.136,48.704,0.83
128.78,127.7,125.83,13.324,7.279,30.619,0.97
128.75,127.27,128.58,5.639,6.914,7.437,0.87
128.1,127.26,127.59,6.475,6.889,6.252,0.61
128.35,126.97,127.36,8.894,6.976,9.193,0.64
127.74,127.41,127.63,8.344,7.064,9.092,0.74
126.51,127.25,127.51,18.94,6.993,10.392,0.62
127.89,127.86,128.27,14.515,7.006,5.395,0.76
128.14,127.75,128.5,13.985,9.078,4.661,0.63
125.85,125.57,126.83,36.738,34.263,32.045,0.52
127.43,126.48,127.76,11.242,10.55,3.663,0.65
127.61,125.92,127.09,4.637,10.007,4.519,0.6
127.91,125.88,127.23,7.497,9.772,8.048,0.75
127.13,126.44,127.11,9.604,9.328,10.303,0.7
127.18,125.98,126.8,6.294,8.906,6.336,0.66
126.86,125.87,125.91,6.065,9.376,6.717,0.81
126.47,126.26,126.71,7.592,8.51,8.24,0.75
126.71,126.52,126.5,8.039,7.85,8.671,0.73
125.83,125.47,125.01,26.489,29.269,30.668,0.57
127.26,126.3,126.09,9.569,10.626,10.732,0.68
126.31,125.95,126.05,8.921,7.616,9.571,0.7
126.83,126.98,126.91,9.765,7.593,10.39,0.67
127.4,127,126.03,12.129,7.128,12.713,0.62
127.57,126.49,126.61,10.261,6.884,10.88,0.66
126.9,126.47,126.49,7.87,6.716,8.486,0.74
126.37,126.65,126.05,7.773,6.539,8.606,0.8
126.99,126.45,126.1,7.677,6.362,7.858,0.62
126.5,126.14,126.34,14.783,17.929,15.414,0.53
126.13,125.27,126,22.038,25.473,23.391,0.54
127.26,126.4,125.92,10.428,7.82,10.328,0.62
127.12,126.61,126.03,12.137,7.702,12.669,0.66
127.42,126.59,126.89,5.666,7.374,5.916,0.73
127.47,126.86,126.88,8.057,7.036,7.509,0.61
127.7,126.07,126.39,5.713,6.788,5.43,0.63
126.84,126.57,126.29,8.292,10.612,8.962,0.55
125.14,125.85,125.61,24.29,28.639,25.797,0.56
127.14,126.46,126.22,3.489,6.78,3.718,0.72
126.96,126.46,126.3,4.802,7.076,4.82,0.66
126.7,126.13,126.7,5.683,7.339,5.557,0.64
126.25,126.51,126.34,5.417,7.397,5.371,0.65
126.86,126.4,125.97,5.994,7.388,5.91,0.62
126.79,126.69,126.39,7.053,7.177,6.752,0.6
127.31,126.86,127.38,3.197,7.078,3.535,0.76
127.58,126.89,126.67,2.433,7.991,3.148,0.83
127.16,126.15,126.51,12.945,16.813,13.61,0.53
125.86,125.3,125.54,25.309,27.945,27.661,0.52
126.49,126.15,126.52,9.552,9.028,4.893,0.65
125.98,126.62,126.28,14.75,8.917,6.511,0.85
125.82,126.37,126.55,14.561,8.828,5.909,0.76
125.39,126.6,126.81,16.215,7.97,6.861,0.69
125.85,126.42,125.73,12.79,7.042,7.392,0.94
127.05,126.57,125.66,5.231,7.666,10.092,0.95
126.83,126.49,125.7,4.688,7.648,10.388,0.94
127.16,126.51,125.85,4.095,7.82,10.139,0.96
126.08,125.5,124.1,28.021,29.981,34.871,0.65
126.21,126.64,125.95,6.396,8.674,11.471,0.89
127.05,126.62,125.76,10.499,8.741,15.996,0.84
126.79,126,125.55,5.098,10.09,10.429,0.92
126.28,125.41,126.05,4.263,11.631,5.564,0.79
126.84,125.88,126.83,4.415,7.175,4.416,0.66
126.35,126.18,126.23,3.503,10.578,3.966,0.81
127.21,126.31,126.09,4.855,10.743,4.826,0.65
127.18,126.44,127.04,5.243,10.615,5.15,0.64
126.21,126.25,126.21,16.361,18.189,17.491,0.55
125.8,125.06,125.17,21.859,25.259,24.027,0.55
127.62,126.06,126.32,2.648,6.848,2.86,0.81
127.09,126.26,126.82,4.256,7.017,4.213,0.68
126.62,126.77,127.14,7.212,7.154,6.995,0.62
127.86,126.6,126.63,3.716,6.685,5.513,0.88
127.27,126.92,126.82,5.379,6.766,5.847,0.73
127.47,126.79,126.17,8.121,7.058,10.154,0.84
127.34,126.43,126.73,11.539,7.14,14.874,0.95
127,126.68,125.92,14.263,7.423,17.063,0.9
126.31,125.86,125.26,26.374,29.576,27.625,0.58
127.45,126.68,126.44,2.601,6.771,3.347,0.86
126.79,126.9,126.64,7.508,6.858,9.131,0.77
127.3,126.85,126.39,5.91,7.369,8.013,0.8
128.01,126.61,126.5,7.534,8.906,7.622,0.67
128.53,126.76,127.17,3.928,8.339,3.786,0.69
128.18,126.89,127.07,4.915,7.518,6.032,0.81
127.79,126.53,127.09,7.465,7.574,8.556,0.74
128.29,126.9,126.69,4.718,7.164,4.875,0.71
127.89,127.24,127.06,2.499,6.892,2.998,0.9
126.42,126.99,126.63,15.62,16.603,17.525,0.53
126.71,125.99,126.25,23.082,24.992,24.941,0.53
126.77,126.74,126.87,9.235,7.072,10.174,0.71
128.29,126.32,126.87,5.378,6.984,5.463,0.67
127.04,127.04,127.38,6.454,7.576,6.573,0.63
128.06,126.84,127.82,4.642,8.272,4.572,0.66
127.75,127.89,127.72,5.013,7.826,5.152,0.68
128.61,127.45,127.14,4.864,7.905,4.943,0.68
127.72,127.46,127.55,5.413,7.775,5.542,0.66
128.06,127.22,127.75,4.607,7.622,4.911,0.78
128.29,127.51,127.35,3.765,7.339,4.005,0.75
128.36,127.8,127.02,3.974,6.881,8.488,0.92
127.35,126.72,125.73,26.513,28.959,31.753,0.64
128.54,128.31,127.53,2.603,6.317,9.254,0.99
129.29,127.95,126.85,4.657,6.286,10.445,0.94
127.98,128.11,126.76,5.143,6.292,10.884,0.92
128.55,127.94,127.32,5.414,8.359,10.963,0.91
128.75,127.42,127.02,4.192,7.073,10.063,0.94
128.58,127.29,126.82,3.562,8.595,9.711,0.96
128.41,127.37,126.93,2.582,7.139,9.242,0.99
127.64,126.98,127.04,2.436,7.055,9.246,0.99
128.14,126.8,126.22,5.211,7.116,10.321,0.9
128.2,126.97,126.86,6.826,7.379,9.156,0.91
126.7,127.2,128.05,13.458,7.579,3.759,0.58
126.74,127.59,128.15,14.374,7.344,4.8,0.56
126.58,126.51,126.85,28.099,22.268,22.84,0.5
126.7,126.77,127.38,26.537,20.088,20.209,0.59
128.15,127.5,128.26,9.534,8.042,5.146,0.69
127.75,127.53,127.72,5.415,6.789,4.96,0.6
128.78,127.35,127.62,6.503,6.887,5.904,0.58
128.11,127.99,128.85,2.716,7.155,2.833,0.81
128.77,128.09,128.51,4.085,7.314,3.995,0.7
129.13,128.15,128.36,4.183,7.249,3.949,0.69
128.08,126.92,127.64,5.153,12.051,4.868,0.66
128.47,126.85,127.94,2.718,11.45,2.685,0.81
128.12,127.31,127.37,4.375,8.192,4.011,0.63
128.27,127.79,127.71,2.721,11.436,2.469,0.82
128.71,127.45,128.14,7.971,11.125,8.088,0.67
127.36,126.06,126.44,25.788,29.653,27.674,0.53
128.02,127.13,127.15,8.511,11.582,8.661,0.71
128.53,127.03,128.4,4.656,11.812,4.178,0.68
128.78,127.32,128.2,4.701,8.483,4.233,0.62
128.93,127.56,127.84,6.315,12.236,5.673,0.62
129.03,127.74,128.29,4.841,7.621,4.311,0.63
129.09,127.65,128.42,3.973,7.422,3.485,0.66
128.86,127.76,127.71,10.591,7.612,10.505,0.63
129.58,128.01,128,5.921,7.334,5.999,0.72
128.69,128.15,128.69,8.154,7.196,8.172,0.67
128.25,128.44,128.1,8.228,6.762,8.504,0.77
129.29,127.99,128.07,5.922,6.471,5.525,0.67
127.98,128.41,128.08,7.181,6.625,7.668,0.83
129.03,127.97,128.56,5.132,6.367,4.887,0.74
127.6,127.12,126.83,28.325,29.238,30.386,0.5
129.25,128.44,128.51,4.193,7.255,3.624,0.63
128.55,128,128.55,5.394,6.39,4.609,0.54
128.6,128.23,127.99,4.732,6.268,3.908,0.57
129.08,127.72,128.08,4.773,6.388,3.894,0.59
129.13,127.72,128.35,5.76,6.345,5.118,0.57
129.03,127.5,128.48,3.956,6.2,3.329,0.64
129.09,127.54,127.8,2.85,6.172,2.032,0.81
128.07,128.04,128.26,4.489,6.328,3.888,0.57
127.79,128,127.24,7.359,6.558,18.726,0.96
128.03,127.78,125.19,15.806,7.46,29.029,0.98
127.07,127.3,124.75,28.159,19.848,38.001,0.88
126.49,126.95,125.03,29.582,23.823,40.115,0.87
126.66,127.88,126.01,19.61,6.741,28.913,0.98
126.81,127.65,124.68,25.446,6.665,33.726,0.96
127.75,127.7,125.31,13.773,6.405,30.037,0.97
128.1,127.63,125.64,12.991,6.584,29.566,0.97
128.39,127.62,125.46,12.705,6.582,29.365,0.97
128.06,127.77,125.33,12.19,6.639,28.976,0.97
128.77,127.56,125.76,11.362,6.615,28.502,0.98
128.05,127.88,126.04,13.078,6.621,29.687,0.97
128.74,127.63,125.12,18.464,6.692,34.862,0.96
127.89,126.58,124.55,27.212,27.884,46.622,0.83
128.81,127.65,125.97,16.983,11.382,33.446,0.93
128.79,128.04,126.05,18.803,7.086,34.952,0.95
128.62,128.2,125.18,20.285,7.057,36.199,0.95
128.38,128.18,125.81,16.136,6.983,32.146,0.96
129,128.29,126.27,16.478,6.811,32.534,0.96
129.13,128.67,126.2,11.988,6.765,28.713,0.98
129.04,128.98,126.15,12.126,6.797,28.722,0.97
129.06,129.04,126.29,13.033,6.835,29.322,0.97
129.25,128.85,126.68,12.707,6.738,29.128,0.97
128.34,127.83,125.54,22.302,24.659,40.498,0.85
129.11,128.45,125.85,17.742,18.034,34.982,0.9
129.32,129.26,127,11.239,6.753,28.39,0.98
129.8,129.26,126.63,12.177,6.704,29.077,0.97
130.01,129.36,126.51,11.173,6.587,28.396,0.98
129.55,129.2,126.39,11.209,6.53,28.388,0.98
129.84,129.14,126.92,11.179,6.528,28.403,0.98
129.97,129.28,126.61,11.747,6.591,28.746,0.97
129.96,129.11,126.48,11.647,6.358,28.667,0.97
129.78,129.17,127.25,11.168,6.359,28.4,0.98
129.15,128.25,126.17,22.367,24.447,40.343,0.85
129.22,128.88,126.2,17.995,18.165,35.218,0.89
128.9,129.2,126.71,11.238,6.36,28.362,0.98
129.65,129.14,127,11.15,6.348,28.353,0.98
129.42,129.22,126.81,11.191,6.358,28.346,0.98
129.64,129.2,126.04,11.613,6.359,28.6,0.97
129.45,129.24,126.89,11.194,6.446,28.323,0.98
128.8,129.44,126.6,11.276,6.413,28.359,0.98
130.14,129.04,126.78,11.117,6.334,28.342,0.98
129.18,129.7,127,11.24,6.434,28.334,0.98
129.52,129.39,127.12,11.178,6.392,28.298,0.98
128.26,128.1,125.58,26.266,29.773,45.452,0.83
129.9,129.49,126.66,11.178,6.471,28.387,0.98
129.89,129.18,127.42,11.145,6.387,28.369,0.98
130.38,129.62,127.34,11.104,6.432,28.39,0.98
130.69,129.84,127.27,11.081,6.465,28.376,0.98
129.8,129.24,126.84,11.137,6.413,28.316,0.98
128.97,129.12,126.67,11.254,6.398,28.326,0.98
129.26,129.09,126.59,11.217,6.386,28.332,0.98
129.63,129.05,126.27,11.18,6.815,28.325,0.98
128.79,129.49,127.33,17.46,6.928,28.386,0.98
128.18,129.1,126.86,26.668,19.742,36.361,0.88
127.37,128.44,126.14,29.332,23.421,39.538,0.87
128.62,129.2,127.29,19.021,6.626,28.377,0.98
128.29,129.42,127.48,18.493,6.651,28.466,0.98
129.74,128.93,127.4,11.205,6.53,28.475,0.98
129.98,128.82,126.52,11.15,6.346,28.391,0.98
129.1,128.83,127.19,11.262,6.35,28.416,0.98
129.39,128.85,127.17,11.233,6.34,28.417,0.98
129.81,128.85,126.96,11.188,6.298,28.42,0.98
129.41,128.98,127.02,11.191,6.321,28.375,0.98
129.83,128.77,127.33,11.155,6.311,28.391,0.98
128.66,127.41,126.17,26.571,29.729,45.718,0.82
129.9,129.16,126.74,11.12,6.368,28.353,0.98
130.09,128.93,127.57,11.105,6.316,28.401,0.98
129.4,129.13,127.24,11.177,6.347,28.383,0.98
130.08,129.2,127.07,11.099,6.381,28.375,0.98
130.34,129.53,127.04,11.084,6.485,28.373,0.98
130.26,129.39,127.51,11.098,6.399,28.393,0.98
130.18,128.96,127.37,11.087,6.328,28.377,0.98
130.44,129.41,126.74,11.05,6.404,28.373,0.98
130.22,129.69,127.43,11.1,6.562,28.381,0.98
129.19,128.56,126.3,26.938,30.412,46.101,0.82
130.67,129.72,127.52,11.06,6.492,28.398,0.98
130.7,129.62,127.13,11.036,6.461,28.375,0.98
130.43,129.78,127.65,11.112,6.499,28.42,0.98
130.54,129.71,127.87,11.12,6.469,28.44,0.98
130.59,129.86,126.69,11.083,6.486,28.365,0.98
130.47,129.84,127.4,11.108,6.485,28.369,0.98
130.16,129.75,127.23,11.126,6.551,28.344,0.98
130.23,129.64,127.05,11.139,6.469,28.396,0.98
130.4,129.72,126.83,11.11,6.468,28.387,0.98
129.1,128.33,126.31,26.673,30.11,45.785,0.82
129.95,129.44,127.73,11.143,6.46,28.396,0.98
129.85,129.7,126.84,11.158,6.499,28.429,0.98
129.85,129.53,127.23,11.142,6.5,28.393,0.98
129.92,129.52,127.3,11.112,6.496,28.361,0.98
130.01,129.52,126.97,11.135,6.518,28.39,0.98
129.74,129.44,127.14,11.179,6.465,28.433,0.98
129.35,129.72,127.37,11.211,6.516,28.412,0.98
129.61,129.58,127.3,11.169,6.495,28.392,0.98
130.11,129.82,126.88,11.096,6.54,28.414,0.98
128.43,128.55,126.27,26.606,30.313,46.038,0.83
129.07,129.66,127.09,11.214,6.523,28.39,0.98
129.43,129.42,126.62,11.203,6.466,28.395,0.98
129.61,128.88,127.09,11.557,6.38,28.403,0.98
128.42,129.46,127.2,19.195,6.529,28.48,0.98
128.03,129.73,126.9,19.149,6.55,28.471,0.98
128.41,129.64,126.87,19.054,6.573,28.443,0.98
128.55,129.58,127.45,19.002,6.526,28.466,0.98
129.31,129.4,127.13,16.196,6.493,28.435,0.98
129,128.83,126.26,19.642,20.851,37.373,0.88
128.46,128.78,126.68,21.103,23.194,39.423,0.87
129.84,129.02,127.02,11.153,6.419,28.455,0.98
129.87,129.03,126.85,11.143,6.442,28.441,0.98
129.9,129,127.15,11.135,6.41,28.441,0.98
129.3,129.11,127.29,11.205,6.422,28.422,0.98
130.06,128.19,126.96,11.099,6.27,28.408,0.98
130.06,128.45,127.27,11.125,6.306,28.434,0.98
129.86,128.55,127.79,11.147,6.326,28.448,0.98
130.23,127.99,127,11.07,6.677,28.41,0.98
128.2,126.62,125.63,26.679,30.251,46.298,0.83
129.39,127.14,126.9,11.126,6.552,28.321,0.98
129.42,127.55,126.51,12.008,6.656,28.86,0.97
129.54,127.75,126.19,11.113,6.497,28.369,0.98
129.13,128.53,126.56,11.203,6.537,28.404,0.98
128.24,128.75,126.74,11.316,6.522,28.418,0.98
128.86,128.59,125.8,11.979,6.365,28.902,0.98
129.31,128.12,126.75,11.284,6.229,28.457,0.98
129.31,128.84,126.54,14.5,6.532,31.207,0.97
128.7,127.31,125.43,25.282,27.754,43.974,0.83
129.02,128.15,126.03,15.787,13.671,32.654,0.92
129.1,128.38,126.33,11.175,6.477,28.351,0.98
128.65,128.03,125.92,11.174,6.403,28.297,0.98
129.22,128.42,125.77,11.152,6.442,28.346,0.98
129.32,128.43,126.76,11.166,6.444,28.402,0.98
129.19,128.62,126.65,11.174,6.406,28.394,0.98
129.29,128.49,126.05,11.885,6.817,28.818,0.97
128.73,128.52,126.64,11.285,6.75,28.426,0.98
128.31,127.62,125.48,22.016,23.139,39.934,0.86
128.23,127.82,125.22,19.146,20.092,36.76,0.89
128.59,128.14,125.4,11.332,6.527,28.429,0.98
128.36,128.22,125.69,12.98,6.562,29.472,0.97
128.22,128.27,125.39,16.464,6.49,32.861,0.96
128.41,128.02,125.15,12.097,6.325,29.053,0.98
128.13,128.23,125.75,11.273,6.732,28.352,0.98
128.22,128.12,125.44,12.84,6.8,29.293,0.97
128.27,127.65,125.28,11.266,6.643,28.25,0.98
127.31,126.85,124.41,22.897,22.685,40.864,0.86
127.61,127.44,125.22,20.619,20.229,37.353,0.88
126.84,127.61,125.78,19.334,6.707,28.446,0.98
125.91,127.97,124.65,22.923,6.882,31.211,0.96
126.23,128.35,125.85,24.462,6.92,31.868,0.95
126.72,127.69,127.6,14.088,6.533,13.522,0.96
126.99,127.58,127.42,9.177,6.401,2.207,0.79
127.57,127.5,127.5,4.796,6.35,4.204,0.58
127.59,127.36,127.58,5.038,6.271,4.39,0.56
127.13,125.68,126.77,21.251,23.511,21.711,0.5
127.36,126.02,126.17,16.314,18.253,16.449,0.52
127.1,127.38,127.61,4.253,6.099,3.765,0.59
127.18,127.12,127.45,2.883,6.05,2.357,0.74
127.36,126.93,126.69,7.214,6.075,6.582,0.54
127.51,126.94,127.23,5.757,6.281,5.233,0.65
126.99,126.85,127.27,2.527,6.26,2.032,0.81
127.51,126.61,127.38,2.606,5.947,2.033,0.81
127.2,126.82,126.29,6.378,5.925,5.725,0.53
125.91,125.21,125.69,26.402,28.061,27.863,0.51
125.93,126.2,125.34,15.831,14.016,19.504,0.68
126.09,126.44,124.68,10.205,6.257,15.83,0.84
127.01,126.57,125.54,6.699,6.3,11.739,0.89
126.84,126.58,125.82,4.79,6.225,9.423,0.91
126.92,126.27,125.9,3.281,6.158,8.4,0.96
126.83,126.35,125.32,3.061,7.657,8.373,0.97
125.92,126.32,125.71,5.739,5.877,10.524,0.9
126.15,126.09,125.41,6.279,5.962,10.649,0.87
126.12,126.14,124.57,11.022,11.401,14.701,0.74
125.76,125.25,125.42,23.941,27.687,27.931,0.64
128.06,127.35,128.21,5.462,8.1,4.731,0.53
128.34,127.84,127.89,8.873,6.308,8.95,0.72
128.83,127.4,127.82,7.978,6.265,7.783,0.64
